分区,子分组,鹰角中文,鹰角英文,鹰角其他语言,Yostar日文,Yostar英文,空缺说明,来源
基础设定,,源石,Originiums,-,源石（オリジニウム）,-,鹰角其他语言不适用；悠星英文不适用,https://prts.wiki/w/泰拉词库
基础设定,,源石技艺,Originium Arts,-,アーツ,-,鹰角其他语言不适用；悠星英文不适用,https://prts.wiki/w/泰拉词库
基础设定,,感染者,Infected,-,感染者,-,鹰角其他语言不适用；悠星英文不适用,https://prts.wiki/w/泰拉词库
基础设定,,矿石病,Oripathy,-,鉱石病（オリパシー）,-,鹰角其他语言不适用；悠星英文不适用,https://prts.wiki/w/泰拉词库
基础设定,,移动城市,Nomadic City,-,移動都市,-,鹰角其他语言不适用；悠星英文不适用,https://prts.wiki/w/泰拉词库
地名,,泰拉,Terra,-,テラ,-,鹰角其他语言不适用；悠星英文不适用,https://prts.wiki/w/泰拉词库
地名,,炎,Yan,-,-,-,鹰角其他语言不适用；悠星日文不适用；悠星英文不适用,https://prts.wiki/w/泰拉词库
地名,,百灶,Baizao,-,-,-,鹰角其他语言不适用；悠星日文不适用；悠星英文不适用,https://prts.wiki/w/泰拉词库
地名,,龙门,Lungmen,-,龍門,-,鹰角其他语言不适用；悠星英文不适用,https://prts.wiki/w/泰拉词库
地名,,尚蜀,Shangshu,-,-,-,鹰角其他语言不适用；悠星日文不适用；悠星英文不适用,https://prts.wiki/w/泰拉词库
地名,,玉门,Yumen,-,-,-,鹰角其他语言不适用；悠星日文不适用；悠星英文不适用,https://prts.wiki/w/泰拉词库
地名,,哥伦比亚,Columbia,-,クルビア,-,鹰角其他语言不适用；悠星英文不适用,https://prts.wiki/w/泰拉词库
地名,,麦克斯哥伦比亚特区,"Max, District of Columbia",-,-,-,鹰角其他语言不适用；悠星日文不适用；悠星英文不适用,https://prts.wiki/w/泰拉词库
地名,,提卡伦多,Tkaronto,-,-,-,鹰角其他语言不适用；悠星日文不适用；悠星英文不适用,https://prts.wiki/w/泰拉词库
地名,,特里蒙,Trimounts,-,-,-,鹰角其他语言不适用；悠星日文不适用；悠星英文不适用,https://prts.wiki/w/泰拉词库
地名,,达维镇,Davistown,-,-,-,鹰角其他语言不适用；悠星日文不适用；悠星英文不适用,https://prts.wiki/w/泰拉词库
地名,,东,Higashi,-,極東,-,鹰角其他语言不适用；悠星英文不适用,https://prts.wiki/w/泰拉词库
地名,,锁川,Kusarikawa,-,-,-,鹰角其他语言不适用；悠星日文不适用；悠星英文不适用,https://prts.wiki/w/泰拉词库
地名,,御机,Mitsukue,-,-,-,鹰角其他语言不适用；悠星日文不适用；悠星英文不适用,https://prts.wiki/w/泰拉词库
地名,,卡西米尔,Kazimierz,-,カジミエーシュ,-,鹰角其他语言不适用；悠星英文不适用,https://prts.wiki/w/泰拉词库
地名,,卡瓦莱利亚基,Kawalerielki,-,-,-,鹰角其他语言不适用；悠星日文不适用；悠星英文不适用,https://prts.wiki/w/泰拉词库
地名,,谢拉格,Kjerag,-,イェラグ,-,鹰角其他语言不适用；悠星英文不适用,https://prts.wiki/w/泰拉词库
地名,,拉特兰,Laterano,-,ラテラーノ,-,鹰角其他语言不适用；悠星英文不适用,https://prts.wiki/w/泰拉词库
地名,,莱塔尼亚,Leithanien,-,リターニア,-,鹰角其他语言不适用；悠星英文不适用,https://prts.wiki/w/泰拉词库
地名,,沃伦姆德,Wolumonde,-,ウォルモンド,-,鹰角其他语言不适用；悠星英文不适用,https://prts.wiki/w/泰拉词库
地名,,维谢海姆,Vyseheim,-,-,-,鹰角其他语言不适用；悠星日文不适用；悠星英文不适用,https://prts.wiki/w/泰拉词库
地名,,崔林特尔梅,Zwillingstürme,-,-,-,鹰角其他语言不适用；悠星日文不适用；悠星英文不适用,https://prts.wiki/w/泰拉词库
地名,,雷姆必拓,Rim Billiton,-,レム・ビリトン,-,鹰角其他语言不适用；悠星英文不适用,https://prts.wiki/w/泰拉词库
地名,,终极大铁屯,Ultramassive,-,-,-,鹰角其他语言不适用；悠星日文不适用；悠星英文不适用,https://prts.wiki/w/泰拉词库
地名,,萨米,Sami,-,サーミ,-,鹰角其他语言不适用；悠星英文不适用,https://prts.wiki/w/泰拉词库
地名,,米诺斯,Minos,-,ミノス,-,鹰角其他语言不适用；悠星英文不适用,https://prts.wiki/w/泰拉词库
地名,,雅赛努斯,Athenus,-,-,-,鹰角其他语言不适用；悠星日文不适用；悠星英文不适用,https://prts.wiki/w/泰拉词库
地名,,科林尼亚,,-,コリニア,-,鹰角英文待补或未出现；鹰角其他语言不适用；悠星英文不适用,https://prts.wiki/w/泰拉词库
地名,,荷谟伊,Hymnoi,-,ヒュムノイ,-,鹰角其他语言不适用；悠星英文不适用,https://prts.wiki/w/泰拉词库
地名,,玻利瓦尔,Bolívar,-,ボリバル,-,鹰角其他语言不适用；悠星英文不适用,https://prts.wiki/w/泰拉词库
地名,,大辛德拉卡托,Gran Sinderacato,-,-,-,鹰角其他语言不适用；悠星日文不适用；悠星英文不适用,https://prts.wiki/w/泰拉词库
地名,,拉乌尼达,La Unidad,-,-,-,鹰角其他语言不适用；悠星日文不适用；悠星英文不适用,https://prts.wiki/w/泰拉词库
地名,,多索雷斯/双日城,Dossoles,-,ドッソレス,-,鹰角其他语言不适用；悠星英文不适用,https://prts.wiki/w/泰拉词库
地名,,萨尔贡,Sargon,-,サルゴン,-,鹰角其他语言不适用；悠星英文不适用,https://prts.wiki/w/泰拉词库
地名,,沙尔-阿加德,Shar-Agade,-,-,-,鹰角其他语言不适用；悠星日文不适用；悠星英文不适用,https://prts.wiki/w/泰拉词库
地名,,瓦伊凡,Vyvern,-,ワイバーン,-,鹰角其他语言不适用；悠星英文不适用,https://prts.wiki/w/泰拉词库
地名,,长泉镇,Long Spring,-,-,-,鹰角其他语言不适用；悠星日文不适用；悠星英文不适用,https://prts.wiki/w/泰拉词库
地名,,阿卡胡拉,Acahualla,-,-,-,鹰角其他语言不适用；悠星日文不适用；悠星英文不适用,https://prts.wiki/w/泰拉词库
地名,,叙拉古,Siracusa,-,シラクーザ,-,鹰角其他语言不适用；悠星英文不适用,https://prts.wiki/w/泰拉词库
地名,,蒙特卢佩,Montelupe,-,-,-,鹰角其他语言不适用；悠星日文不适用；悠星英文不适用,https://prts.wiki/w/泰拉词库
地名,,沃尔西尼,Volsinii,-,-,-,鹰角其他语言不适用；悠星日文不适用；悠星英文不适用,https://prts.wiki/w/泰拉词库
地名,,乌萨斯帝国/乌萨斯,Ursus,Урсус Империя,ウルサス,-,悠星英文不适用,https://prts.wiki/w/泰拉词库
地名,,圣骏堡,Deity Grypherburg,-,-,-,鹰角其他语言不适用；悠星日文不适用；悠星英文不适用,https://prts.wiki/w/泰拉词库
地名,,切尔诺伯格,Chernobog,Чернобог,チェルノボーグ,-,悠星英文不适用,https://prts.wiki/w/泰拉词库
地名,,维多利亚帝国/维多利亚,Victoria Empire/Victoria,-,ヴィクトリア,-,鹰角其他语言不适用；悠星英文不适用,https://prts.wiki/w/泰拉词库
地名,,塔拉,Tara,-,ターラー,Tara,鹰角其他语言不适用,https://prts.wiki/w/泰拉词库
地名,,伦蒂尼姆,Londinium,-,-,-,鹰角其他语言不适用；悠星日文不适用；悠星英文不适用,https://prts.wiki/w/泰拉词库
地名,,多伦郡,Toron County,-,ドルン,-,鹰角其他语言不适用；悠星英文不适用,https://prts.wiki/w/泰拉词库
地名,,小丘郡,County Hillock,-,-,-,鹰角其他语言不适用；悠星日文不适用；悠星英文不适用,https://prts.wiki/w/泰拉词库
地名,,卡拉顿,Caladon,-,-,-,鹰角其他语言不适用；悠星日文不适用；悠星英文不适用,https://prts.wiki/w/泰拉词库
地名,,克莱布拉松,Celaiblason,-,-,Calais-Blason,鹰角其他语言不适用；悠星日文不适用,https://prts.wiki/w/泰拉词库
地名,,汐斯塔,Siesta,-,シエスタ,-,鹰角其他语言不适用；悠星英文不适用,https://prts.wiki/w/泰拉词库
地名,,卡兹戴尔,Kazdel,-,カズデル,-,鹰角其他语言不适用；悠星英文不适用,https://prts.wiki/w/泰拉词库
地名,,伊比利亚王国/伊比利亚,Iberia,Reino de Iberia,イベリア,-,悠星英文不适用,https://prts.wiki/w/泰拉词库
地名,,佩尔多尼,Perdoni,-,-,-,鹰角其他语言不适用；悠星日文不适用；悠星英文不适用,https://prts.wiki/w/泰拉词库
地名,,格兰法洛,Gran Faro,-,-,-,鹰角其他语言不适用；悠星日文不适用；悠星英文不适用,https://prts.wiki/w/泰拉词库
地名,,阿戈尔,Ægir,-,エーギル,-,鹰角其他语言不适用；悠星英文不适用,https://prts.wiki/w/泰拉词库
地名,,杜林,Durin,-,-,-,鹰角其他语言不适用；悠星日文不适用；悠星英文不适用,https://prts.wiki/w/泰拉词库
地名,,际崖城,Zeruertza,-,-,-,鹰角其他语言不适用；悠星日文不适用；悠星英文不适用,https://prts.wiki/w/泰拉词库
地名,,阿加门,Agamem,-,-,-,鹰角其他语言不适用；悠星日文不适用；悠星英文不适用,https://prts.wiki/w/泰拉词库
地名,,高卢,Gaul,-,-,-,鹰角其他语言不适用；悠星日文不适用；悠星英文不适用,https://prts.wiki/w/泰拉词库
地名,,林贡斯,Lingones,-,-,-,鹰角其他语言不适用；悠星日文不适用；悠星英文不适用,https://prts.wiki/w/泰拉词库
地名,,骏鹰王国,Hippogryphic Kingdom,-,-,-,鹰角其他语言不适用；悠星日文不适用；悠星英文不适用,https://prts.wiki/w/泰拉词库
地名,,焚风热土,Foehn Hotlands,-,-,-,鹰角其他语言不适用；悠星日文不适用；悠星英文不适用,https://prts.wiki/w/泰拉词库
地名,,因非冰原,Infy Icefield,-,-,-,鹰角其他语言不适用；悠星日文不适用；悠星英文不适用,https://prts.wiki/w/泰拉词库
地名,,科罗萨主矿脉,Kolossal Prime Vain,-,-,-,鹰角其他语言不适用；悠星日文不适用；悠星英文不适用,https://prts.wiki/w/泰拉词库
地名,,璟屿主矿脉,Jingyu Prime Vain,-,-,-,鹰角其他语言不适用；悠星日文不适用；悠星英文不适用,https://prts.wiki/w/泰拉词库
地名,,塔尔干主矿脉,Targanglis Prime Vain,-,-,-,鹰角其他语言不适用；悠星日文不适用；悠星英文不适用,https://prts.wiki/w/泰拉词库
组织,,罗德岛/罗德岛制药公司,Rhodes Island/Rhodes Island Pharmaceutical Inc.,-,ロドス,-,鹰角其他语言不适用；悠星英文不适用,https://prts.wiki/w/泰拉词库
组织,,罗德岛-精英干员,Rhodes-Elite Op,-,エリートオペレーター,Rhodes Island-Elite Operator,鹰角其他语言不适用,https://prts.wiki/w/泰拉词库
组织,,行动组A4,Op Team A4/ Operations Detachment Alpha 4,-,行動隊A4,Op Team A4,鹰角其他语言不适用,https://prts.wiki/w/泰拉词库
组织,,行动预备组A1,Re-Op Team A1/ Operations Preparation Detachment Alpha 1,-,行動予備隊A1,Reserve Op Team A1,鹰角其他语言不适用,https://prts.wiki/w/泰拉词库
组织,,行动预备组A4,Re-Op Team A4/ Operations Preparation Detachment Alpha 4,-,行動予備隊A4,Reserve Op Team A4,鹰角其他语言不适用,https://prts.wiki/w/泰拉词库
组织,,行动预备组A6,Re-Op Team A6/ Operations Preparation Detachment Alpha 6,-,行動予備隊A6,Reserve Op Team A6,鹰角其他语言不适用,https://prts.wiki/w/泰拉词库
组织,,S.W.E.E.P,S.W.E.E.P,-,-,-,鹰角其他语言不适用；悠星日文不适用；悠星英文不适用,https://prts.wiki/w/泰拉词库
组织,,巴别塔,Babel,-,バベル,Babel,鹰角其他语言不适用,https://prts.wiki/w/泰拉词库
组织,,深海猎人,Abyssal Hunters,-,アビサルハンター,Abyssal Hunters,鹰角其他语言不适用,https://prts.wiki/w/泰拉词库
组织,,黑钢国际,BSW/Blacksteel Worldwide,-,BSW,Blacksteel Worldwide,鹰角其他语言不适用,https://prts.wiki/w/泰拉词库
组织,,格拉斯哥帮,Glasgow,-,グラスゴー,Glasgow,鹰角其他语言不适用,https://prts.wiki/w/泰拉词库
组织,,喀兰贸易,Karlan Trade,-,カランド貿易,"Karlan Trade CO., LTD",鹰角其他语言不适用,https://prts.wiki/w/泰拉词库
组织,,龙门近卫局,L.G.D./Lungmen Guard Department,-,龍門近衛局,Lungmen Guard Department,鹰角其他语言不适用,https://prts.wiki/w/泰拉词库
组织,,企鹅物流,Penguin Logistics,-,ペンギン急便,Penguin Logistics,鹰角其他语言不适用,https://prts.wiki/w/泰拉词库
组织,,莱茵生命,Rhine Lab LLC.,-,ライン生命,Rhine Lab,鹰角其他语言不适用,https://prts.wiki/w/泰拉词库
组织,,岁,Sui,-,-,-,鹰角其他语言不适用；悠星日文不适用；悠星英文不适用,https://prts.wiki/w/泰拉词库
组织,,贾维团伙,Chiave Gang,-,キアーベ一味,Chiave Gang,鹰角其他语言不适用,https://prts.wiki/w/泰拉词库
组织,,使徒,Followers,-,使徒,Followers,鹰角其他语言不适用,https://prts.wiki/w/泰拉词库
组织,,赦罪师,,-,聴罪師,-,鹰角英文待补或未出现；鹰角其他语言不适用；悠星英文不适用,https://prts.wiki/w/泰拉词库
组织,,鲤氏侦探事务所,Lee's Detective Agency,-,リー探偵事務所,Lee's Detective Agency,鹰角其他语言不适用,https://prts.wiki/w/泰拉词库
组织,,彩虹小队,Team Rainbow,-,レインボー小隊,Team Rainbow,鹰角其他语言不适用,https://prts.wiki/w/泰拉词库
组织,,乌萨斯学生自治团,U.S.S.G/Ursus Student Self-Government Group,Урсуский Ученический Союз Самоуправления,ウルサス学生自治団,Ursus Student Self-Governing Group,,https://prts.wiki/w/泰拉词库
组织,,阿撒兹勒,,-,アザゼル,-,鹰角英文待补或未出现；鹰角其他语言不适用；悠星英文不适用,https://prts.wiki/w/泰拉词库
组织,,卡西米尔无胄盟,Armorless Union,-,カジミエーシュ無冑盟,Kazimierz Scionless Alliance,鹰角其他语言不适用,https://prts.wiki/w/泰拉词库
组织,,卡西米尔商业联合会,Kazimierz General Chamber of Commerce,-,-,-,鹰角其他语言不适用；悠星日文不适用；悠星英文不适用,https://prts.wiki/w/泰拉词库
组织,,卡西米尔监正会,Adeptus Sprawiedliwi Kazimierz,-,-,-,鹰角其他语言不适用；悠星日文不适用；悠星英文不适用,https://prts.wiki/w/泰拉词库
组织,,卡兹戴尔军事委员会,Military Commission of Kazdel,-,-,-,鹰角其他语言不适用；悠星日文不适用；悠星英文不适用,https://prts.wiki/w/泰拉词库
组织,,整合运动,Reunion,-,レユニオン,-,鹰角其他语言不适用；悠星英文不适用,https://prts.wiki/w/泰拉词库
组织,,深池,Dublinn,-,ダブリン,Dublinn,鹰角其他语言不适用,https://prts.wiki/w/泰拉词库
组织,,伦蒂尼姆市民自救军,Eartha,-,-,-,鹰角其他语言不适用；悠星日文不适用；悠星英文不适用,https://prts.wiki/w/泰拉词库
组织,,雷神工业,Raythean,-,レイジアン工業,-,鹰角其他语言不适用；悠星英文不适用,https://prts.wiki/w/泰拉词库
组织,,瓦伊凡联盟,Vyvern,-,ワイバーン アライアンス,-,鹰角其他语言不适用；悠星英文不适用,https://prts.wiki/w/泰拉词库
组织,,诺斯伍德大骑士团,Northwood Knightorder,-,-,-,鹰角其他语言不适用；悠星日文不适用；悠星英文不适用,https://prts.wiki/w/泰拉词库
组织,,呼啸骑士团,Road Knightclub,-,-,-,鹰角其他语言不适用；悠星日文不适用；悠星英文不适用,https://prts.wiki/w/泰拉词库
组织,,沸血骑士团,Bloodboil,-,-,-,鹰角其他语言不适用；悠星日文不适用；悠星英文不适用,https://prts.wiki/w/泰拉词库
组织,,雪踵骑士团,Snowyheel,-,-,-,鹰角其他语言不适用；悠星日文不适用；悠星英文不适用,https://prts.wiki/w/泰拉词库
组织,,红松骑士团,Pinus Sylvestris,-,レッドパイン騎士団,Pinus Sylvestris,鹰角其他语言不适用,https://prts.wiki/w/泰拉词库
组织,,拉特兰中庭公证所,Laterano Notarial Hall,S.N.C.L./Secretaria Notariorum Curise Laterani,-,-,悠星日文不适用；悠星英文不适用,https://prts.wiki/w/泰拉词库
组织,,梅兰德基金会,Maylander Foundation,-,-,-,鹰角其他语言不适用；悠星日文不适用；悠星英文不适用,https://prts.wiki/w/泰拉词库
组织,,沙滩伞公司,Beachbrella,-,-,-,鹰角其他语言不适用；悠星日文不适用；悠星英文不适用,https://prts.wiki/w/泰拉词库
组织,,约翰老妈,Mama John's,-,-,-,鹰角其他语言不适用；悠星日文不适用；悠星英文不适用,https://prts.wiki/w/泰拉词库
组织,,辛嘉斯王朝/玻利瓦尔王国,Singas Dynasty,-,-,-,鹰角其他语言不适用；悠星日文不适用；悠星英文不适用,https://prts.wiki/w/泰拉词库
组织,,玻利瓦尔联合政府/玻利瓦尔独立国,Coalition Government,-,-,-,鹰角其他语言不适用；悠星日文不适用；悠星英文不适用,https://prts.wiki/w/泰拉词库
组织,,真正玻利瓦尔人解放运动,True Bolívarians,-,-,-,鹰角其他语言不适用；悠星日文不适用；悠星英文不适用,https://prts.wiki/w/泰拉词库
组织,,塔山生物科技,Tower Mountains,-,-,-,鹰角其他语言不适用；悠星日文不适用；悠星英文不适用,https://prts.wiki/w/泰拉词库
组织,,沃尔沃特科钦斯基,VolvortKochinski,-,-,-,鹰角其他语言不适用；悠星日文不适用；悠星英文不适用,https://prts.wiki/w/泰拉词库
组织,,锈锤,Rusthammer,-,-,-,鹰角其他语言不适用；悠星日文不适用；悠星英文不适用,https://prts.wiki/w/泰拉词库
组织,,太阳谷机械工业,Sunvalley Industries,-,-,-,鹰角其他语言不适用；悠星日文不适用；悠星英文不适用,https://prts.wiki/w/泰拉词库
种族,,龙,Lung,-,-,-,鹰角其他语言不适用；悠星日文不适用；悠星英文不适用,https://prts.wiki/w/泰拉词库
种族,,黎博利,Liberi,-,リーベリ,-,鹰角其他语言不适用；悠星英文不适用,https://prts.wiki/w/泰拉词库
种族,,鲁珀,Lupo,-,ループス,-,鹰角其他语言不适用；悠星英文不适用,https://prts.wiki/w/泰拉词库
种族,,鬼,,,鬼,Oni,鹰角英文待补或未出现；鹰角其他语言待补或未出现,https://prts.wiki/w/泰拉词库
种族,,阿达克利斯,Archosauria,-,アダクリス,-,鹰角其他语言不适用；悠星英文不适用,https://prts.wiki/w/泰拉词库
种族,,阿纳缇,Anaty,-,アナティ,-,鹰角其他语言不适用；悠星英文不适用,https://prts.wiki/w/泰拉词库
种族,,萨科塔,Sankta,-,サンクタ,-,鹰角其他语言不适用；悠星英文不适用,https://prts.wiki/w/泰拉词库
种族,,萨弗拉,Savra,-,サヴラ,-,鹰角其他语言不适用；悠星英文不适用,https://prts.wiki/w/泰拉词库
种族,,萨卡兹,Sarkaz,-,サルカズ,-,鹰角其他语言不适用；悠星英文不适用,https://prts.wiki/w/泰拉词库
种族,,血魔,,,ブラッドブルード,Vampire,鹰角英文待补或未出现；鹰角其他语言待补或未出现,https://prts.wiki/w/泰拉词库
种族,,温迪戈,,,ウェンディゴ,Wendigo,鹰角英文待补或未出现；鹰角其他语言待补或未出现,https://prts.wiki/w/泰拉词库
种族,,菲林,Feline,-,フェリーン,-,鹰角其他语言不适用；悠星英文不适用,https://prts.wiki/w/泰拉词库
种族,,瓦伊凡,Vouivre,-,ヴイーヴル,-,鹰角其他语言不适用；悠星英文不适用,https://prts.wiki/w/泰拉词库
种族,,德拉克,Draco,-,ドラコ,-,鹰角其他语言不适用；悠星英文不适用,https://prts.wiki/w/泰拉词库
种族,,瑞柏巴,Reproba,-,レプロバ,Rebbah,鹰角其他语言不适用,https://prts.wiki/w/泰拉词库
种族,,沃尔珀,Vulpo,-,ヴァルポ,-,鹰角其他语言不适用；悠星英文不适用,https://prts.wiki/w/泰拉词库
种族,,杜林,Durin,-,ドゥリン,-,鹰角其他语言不适用；悠星英文不适用,https://prts.wiki/w/泰拉词库
种族,,札拉克,Zalak,-,ザラック,-,鹰角其他语言不适用；悠星英文不适用,https://prts.wiki/w/泰拉词库
种族,,曼提柯,Manticore,-,マンティコア,-,鹰角其他语言不适用；悠星英文不适用,https://prts.wiki/w/泰拉词库
种族,,库兰塔,Kuranta,-,クランタ,-,鹰角其他语言不适用；悠星英文不适用,https://prts.wiki/w/泰拉词库
种族,,安努拉,Anura,-,アヌーラ,-,鹰角其他语言不适用；悠星英文不适用,https://prts.wiki/w/泰拉词库
种族,,埃拉菲亚,Elafia,-,エラフィア,-,鹰角其他语言不适用；悠星英文不适用,https://prts.wiki/w/泰拉词库
种族,,卡特斯,Cautus,-,コータス,-,鹰角其他语言不适用；悠星英文不适用,https://prts.wiki/w/泰拉词库
种族,,卡普里尼,Caprinae,-,-,-,鹰角其他语言不适用；悠星日文不适用；悠星英文不适用,https://prts.wiki/w/泰拉词库
种族,,匹特拉姆,Petram,-,ペートラム,-,鹰角其他语言不适用；悠星英文不适用,https://prts.wiki/w/泰拉词库
种族,,依特拉,Itra,-,イトラ,-,鹰角其他语言不适用；悠星英文不适用,https://prts.wiki/w/泰拉词库
种族,,佩洛,Perro,-,ペッロー,-,鹰角其他语言不适用；悠星英文不适用,https://prts.wiki/w/泰拉词库
种族,,丰蹄,Forte,-,フォルテ,-,鹰角其他语言不适用；悠星英文不适用,https://prts.wiki/w/泰拉词库
种族,,乌萨斯,Ursus,-,-,-,鹰角其他语言不适用；悠星日文不适用；悠星英文不适用,https://prts.wiki/w/泰拉词库
种族,,奇美拉,,,キメラ,Chimera,鹰角英文待补或未出现；鹰角其他语言待补或未出现,https://prts.wiki/w/泰拉词库
种族,,阿斯兰,Aslan,-,アスラン,-,鹰角其他语言不适用；悠星英文不适用,https://prts.wiki/w/泰拉词库
种族,,麒麟,Kylin,-,麒麟,-,鹰角其他语言不适用；悠星英文不适用,https://prts.wiki/w/泰拉词库
种族,,阿戈尔,Ægir,-,エーギル,-,鹰角其他语言不适用；悠星英文不适用,https://prts.wiki/w/泰拉词库
种族,,皮洛萨,Pilosa,-,-,-,鹰角其他语言不适用；悠星日文不适用；悠星英文不适用,https://prts.wiki/w/泰拉词库
种族,,斐迪亚,Phidia,-,-,-,鹰角其他语言不适用；悠星日文不适用；悠星英文不适用,https://prts.wiki/w/泰拉词库
种族,,塞拉托,Cerato,-,-,-,鹰角其他语言不适用；悠星日文不适用；悠星英文不适用,https://prts.wiki/w/泰拉词库
角色／干员代号,,夜刀,Yato,,ヤトウ,,鹰角其他语言待补或未出现；悠星英文待补或未出现,https://prts.wiki/w/泰拉词库
角色／干员代号,,黑角,Noir Corne,,ノイルホーン,,鹰角其他语言待补或未出现；悠星英文待补或未出现,https://prts.wiki/w/泰拉词库
角色／干员代号,,巡林者,Rangers,,レンジャー,,鹰角其他语言待补或未出现；悠星英文待补或未出现,https://prts.wiki/w/泰拉词库
角色／干员代号,,杜林,Durin,,ドゥリン,,鹰角其他语言待补或未出现；悠星英文待补或未出现,https://prts.wiki/w/泰拉词库
角色／干员代号,,12F,12F,,12F,,鹰角其他语言待补或未出现；悠星英文待补或未出现,https://prts.wiki/w/泰拉词库
角色／干员代号,,芬,Fang,,フェン,,鹰角其他语言待补或未出现；悠星英文待补或未出现,https://prts.wiki/w/泰拉词库
角色／干员代号,,香草,Vanilla,,バニラ,,鹰角其他语言待补或未出现；悠星英文待补或未出现,https://prts.wiki/w/泰拉词库
角色／干员代号,,翎羽,Plume,,プリュム,,鹰角其他语言待补或未出现；悠星英文待补或未出现,https://prts.wiki/w/泰拉词库
角色／干员代号,,玫兰莎,Melantha,,メランサ,,鹰角其他语言待补或未出现；悠星英文待补或未出现,https://prts.wiki/w/泰拉词库
角色／干员代号,,卡缇,Cardigan,,カーディ,,鹰角其他语言待补或未出现；悠星英文待补或未出现,https://prts.wiki/w/泰拉词库
角色／干员代号,,米格鲁,Beagle,,ビーグル,,鹰角其他语言待补或未出现；悠星英文待补或未出现,https://prts.wiki/w/泰拉词库
角色／干员代号,,克洛丝,Kroos,,クルース,,鹰角其他语言待补或未出现；悠星英文待补或未出现,https://prts.wiki/w/泰拉词库
角色／干员代号,,安德切尔,Adnachiel,,アドナキエル,,鹰角其他语言待补或未出现；悠星英文待补或未出现,https://prts.wiki/w/泰拉词库
角色／干员代号,,炎熔,Lava,,ラヴァ,,鹰角其他语言待补或未出现；悠星英文待补或未出现,https://prts.wiki/w/泰拉词库
角色／干员代号,,芙蓉,Hibiscus,,ハイビスカス,,鹰角其他语言待补或未出现；悠星英文待补或未出现,https://prts.wiki/w/泰拉词库
角色／干员代号,,安赛尔,Ansel,,アンセル,,鹰角其他语言待补或未出现；悠星英文待补或未出现,https://prts.wiki/w/泰拉词库
角色／干员代号,,史都华德,Steward,,スチュワード,,鹰角其他语言待补或未出现；悠星英文待补或未出现,https://prts.wiki/w/泰拉词库
角色／干员代号,,梓兰,Orchid,,オーキッド,,鹰角其他语言待补或未出现；悠星英文待补或未出现,https://prts.wiki/w/泰拉词库
角色／干员代号,,夜烟,Haze,,ヘイズ,,鹰角其他语言待补或未出现；悠星英文待补或未出现,https://prts.wiki/w/泰拉词库
角色／干员代号,,远山,Gitano,,ギターノ,,鹰角其他语言待补或未出现；悠星英文待补或未出现,https://prts.wiki/w/泰拉词库
角色／干员代号,,杰西卡,Jessica,,ジェシカ,,鹰角其他语言待补或未出现；悠星英文待补或未出现,https://prts.wiki/w/泰拉词库
角色／干员代号,,流星,Meteor,,メテオ,,鹰角其他语言待补或未出现；悠星英文待补或未出现,https://prts.wiki/w/泰拉词库
角色／干员代号,,白雪,ShiraYuki,,シラユキ,,鹰角其他语言待补或未出现；悠星英文待补或未出现,https://prts.wiki/w/泰拉词库
角色／干员代号,,讯使,Courier,,クーリエ,,鹰角其他语言待补或未出现；悠星英文待补或未出现,https://prts.wiki/w/泰拉词库
角色／干员代号,,清道夫,Scavenger,,スカベンジャー,,鹰角其他语言待补或未出现；悠星英文待补或未出现,https://prts.wiki/w/泰拉词库
角色／干员代号,,红豆,Vigna,,ヴィグナ,,鹰角其他语言待补或未出现；悠星英文待补或未出现,https://prts.wiki/w/泰拉词库
角色／干员代号,,杜宾,Dobermann,,ドーベルマン,,鹰角其他语言待补或未出现；悠星英文待补或未出现,https://prts.wiki/w/泰拉词库
角色／干员代号,,缠丸,Matoimaru,,マトイマル,,鹰角其他语言待补或未出现；悠星英文待补或未出现,https://prts.wiki/w/泰拉词库
角色／干员代号,,霜叶,Frostleaf,,フロストリーフ,,鹰角其他语言待补或未出现；悠星英文待补或未出现,https://prts.wiki/w/泰拉词库
角色／干员代号,,艾丝黛尔,Estelle,,エステル,,鹰角其他语言待补或未出现；悠星英文待补或未出现,https://prts.wiki/w/泰拉词库
角色／干员代号,,慕斯,Mousse,,ムース,,鹰角其他语言待补或未出现；悠星英文待补或未出现,https://prts.wiki/w/泰拉词库
角色／干员代号,,砾,Gravel,,グラベル,,鹰角其他语言待补或未出现；悠星英文待补或未出现,https://prts.wiki/w/泰拉词库
角色／干员代号,,暗索,Rope,,ロープ,,鹰角其他语言待补或未出现；悠星英文待补或未出现,https://prts.wiki/w/泰拉词库
角色／干员代号,,末药,Myrrh,,ミルラ,,鹰角其他语言待补或未出现；悠星英文待补或未出现,https://prts.wiki/w/泰拉词库
角色／干员代号,,嘉维尔,Gavial,,ガヴィル,,鹰角其他语言待补或未出现；悠星英文待补或未出现,https://prts.wiki/w/泰拉词库
角色／干员代号,,调香师,Perfumer,,パフューマー,,鹰角其他语言待补或未出现；悠星英文待补或未出现,https://prts.wiki/w/泰拉词库
角色／干员代号,,角峰,Matterhorn,,マッターホルン,,鹰角其他语言待补或未出现；悠星英文待补或未出现,https://prts.wiki/w/泰拉词库
角色／干员代号,,蛇屠箱,Cuora,,クオーラ,,鹰角其他语言待补或未出现；悠星英文待补或未出现,https://prts.wiki/w/泰拉词库
角色／干员代号,,古米,Гум,,グム,,鹰角其他语言待补或未出现；悠星英文待补或未出现,https://prts.wiki/w/泰拉词库
角色／干员代号,,深海色,Deepcolor,,ディピカ,,鹰角其他语言待补或未出现；悠星英文待补或未出现,https://prts.wiki/w/泰拉词库
角色／干员代号,,地灵,Earthspirit,,アーススピリット,,鹰角其他语言待补或未出现；悠星英文待补或未出现,https://prts.wiki/w/泰拉词库
角色／干员代号,,阿消,Shaw,,ショウ,,鹰角其他语言待补或未出现；悠星英文待补或未出现,https://prts.wiki/w/泰拉词库
角色／干员代号,,白面鸮,Ptilopsis,,フィリオプシス,,鹰角其他语言待补或未出现；悠星英文待补或未出现,https://prts.wiki/w/泰拉词库
角色／干员代号,,凛冬,Зима,,ズィマー,,鹰角其他语言待补或未出现；悠星英文待补或未出现,https://prts.wiki/w/泰拉词库
角色／干员代号,,德克萨斯,Texas,,テキサス,,鹰角其他语言待补或未出现；悠星英文待补或未出现,https://prts.wiki/w/泰拉词库
角色／干员代号,,芙兰卡,Franka,,フランカ,,鹰角其他语言待补或未出现；悠星英文待补或未出现,https://prts.wiki/w/泰拉词库
角色／干员代号,,因陀罗,Indra,,インドラ,,鹰角其他语言待补或未出现；悠星英文待补或未出现,https://prts.wiki/w/泰拉词库
角色／干员代号,,拉普兰德,Lappland,,ラップランド,,鹰角其他语言待补或未出现；悠星英文待补或未出现,https://prts.wiki/w/泰拉词库
角色／干员代号,,幽灵鲨,Specter,,スペクター,,鹰角其他语言待补或未出现；悠星英文待补或未出现,https://prts.wiki/w/泰拉词库
角色／干员代号,,蓝毒,Blue Poison,,アズリウス,,鹰角其他语言待补或未出现；悠星英文待补或未出现,https://prts.wiki/w/泰拉词库
角色／干员代号,,白金,Platinum,,プラチナ,,鹰角其他语言待补或未出现；悠星英文待补或未出现,https://prts.wiki/w/泰拉词库
角色／干员代号,,陨星,Meteorite,,メテオリーテ,,鹰角其他语言待补或未出现；悠星英文待补或未出现,https://prts.wiki/w/泰拉词库
角色／干员代号,,阿米娅,Amiya,,アーミヤ,,鹰角其他语言待补或未出现；悠星英文待补或未出现,https://prts.wiki/w/泰拉词库
角色／干员代号,,天火,Skyfire,,スカイフレア,,鹰角其他语言待补或未出现；悠星英文待补或未出现,https://prts.wiki/w/泰拉词库
角色／干员代号,,梅尔,Mayer,,メイヤー,,鹰角其他语言待补或未出现；悠星英文待补或未出现,https://prts.wiki/w/泰拉词库
角色／干员代号,,赫默,Silence,,サイレンス,,鹰角其他语言待补或未出现；悠星英文待补或未出现,https://prts.wiki/w/泰拉词库
角色／干员代号,,华法琳,Warfarin,,ワルファリン,,鹰角其他语言待补或未出现；悠星英文待补或未出现,https://prts.wiki/w/泰拉词库
角色／干员代号,,临光,Nearl,,ニアール,,鹰角其他语言待补或未出现；悠星英文待补或未出现,https://prts.wiki/w/泰拉词库
角色／干员代号,,红,Projekt Red,,レッド,,鹰角其他语言待补或未出现；悠星英文待补或未出现,https://prts.wiki/w/泰拉词库
角色／干员代号,,雷蛇,Liskarm,,リスカム,,鹰角其他语言待补或未出现；悠星英文待补或未出现,https://prts.wiki/w/泰拉词库
角色／干员代号,,可颂,Croissant,,クロワッサン,,鹰角其他语言待补或未出现；悠星英文待补或未出现,https://prts.wiki/w/泰拉词库
角色／干员代号,,火神,Vulcan,,ヴァルカン,,鹰角其他语言待补或未出现；悠星英文待补或未出现,https://prts.wiki/w/泰拉词库
角色／干员代号,,普罗旺斯,Provence,,プロヴァンス,,鹰角其他语言待补或未出现；悠星英文待补或未出现,https://prts.wiki/w/泰拉词库
角色／干员代号,,守林人,Firewatch,,ファイヤーウォッチ,,鹰角其他语言待补或未出现；悠星英文待补或未出现,https://prts.wiki/w/泰拉词库
角色／干员代号,,崖心,Cliffheart,,クリフハート,,鹰角其他语言待补或未出现；悠星英文待补或未出现,https://prts.wiki/w/泰拉词库
角色／干员代号,,初雪,Pramanix,,プラマニクス,,鹰角其他语言待补或未出现；悠星英文待补或未出现,https://prts.wiki/w/泰拉词库
角色／干员代号,,真理,Истина,,イースチナ,,鹰角其他语言待补或未出现；悠星英文待补或未出现,https://prts.wiki/w/泰拉词库
角色／干员代号,,空,Sora,,ソラ,,鹰角其他语言待补或未出现；悠星英文待补或未出现,https://prts.wiki/w/泰拉词库
角色／干员代号,,狮蝎,Manticore,,マンティコア,,鹰角其他语言待补或未出现；悠星英文待补或未出现,https://prts.wiki/w/泰拉词库
角色／干员代号,,食铁兽,FEater,,エフイーター,,鹰角其他语言待补或未出现；悠星英文待补或未出现,https://prts.wiki/w/泰拉词库
角色／干员代号,,能天使,Exusiai,,エクシア,,鹰角其他语言待补或未出现；悠星英文待补或未出现,https://prts.wiki/w/泰拉词库
角色／干员代号,,推进之王,Siege,,シージ,,鹰角其他语言待补或未出现；悠星英文待补或未出现,https://prts.wiki/w/泰拉词库
角色／干员代号,,伊芙利特,Ifrit,,イフリータ,,鹰角其他语言待补或未出现；悠星英文待补或未出现,https://prts.wiki/w/泰拉词库
角色／干员代号,,艾雅法拉,Eyjafjalla,,エイヤフィヤトラ,,鹰角其他语言待补或未出现；悠星英文待补或未出现,https://prts.wiki/w/泰拉词库
角色／干员代号,,安洁莉娜,Angelina,,アンジェリーナ,,鹰角其他语言待补或未出现；悠星英文待补或未出现,https://prts.wiki/w/泰拉词库
角色／干员代号,,闪灵,Shining,,シャイニング,,鹰角其他语言待补或未出现；悠星英文待补或未出现,https://prts.wiki/w/泰拉词库
角色／干员代号,,夜莺,Nightingale,,ナイチンゲール,,鹰角其他语言待补或未出现；悠星英文待补或未出现,https://prts.wiki/w/泰拉词库
角色／干员代号,,星熊,Hoshiguma,,ホシグマ,,鹰角其他语言待补或未出现；悠星英文待补或未出现,https://prts.wiki/w/泰拉词库
角色／干员代号,,塞雷娅,Saria,,サリア,,鹰角其他语言待补或未出现；悠星英文待补或未出现,https://prts.wiki/w/泰拉词库
角色／干员代号,,银灰,SilverAsh,,シルバーアッシュ,,鹰角其他语言待补或未出现；悠星英文待补或未出现,https://prts.wiki/w/泰拉词库
角色／干员代号,,暴行,Savage,,サベージ,,鹰角其他语言待补或未出现；悠星英文待补或未出现,https://prts.wiki/w/泰拉词库
角色／干员代号,,空爆,Catapult,,カタパルト,,鹰角其他语言待补或未出现；悠星英文待补或未出现,https://prts.wiki/w/泰拉词库
角色／干员代号,,月见夜,Midnight,,ミッドナイト,,鹰角其他语言待补或未出现；悠星英文待补或未出现,https://prts.wiki/w/泰拉词库
角色／干员代号,,猎蜂,Beehunter,,ビーハンター,,鹰角其他语言待补或未出现；悠星英文待补或未出现,https://prts.wiki/w/泰拉词库
角色／干员代号,,夜魔,Nightmare,,ナイトメア,,鹰角其他语言待补或未出现；悠星英文待补或未出现,https://prts.wiki/w/泰拉词库
角色／干员代号,,格拉尼,Grani,,グラニ,,鹰角其他语言待补或未出现；悠星英文待补或未出现,https://prts.wiki/w/泰拉词库
角色／干员代号,,斯卡蒂,Skadi,,スカジ,,鹰角其他语言待补或未出现；悠星英文待补或未出现,https://prts.wiki/w/泰拉词库
角色／干员代号,,泡普卡,Popukar,,ポプカル,,鹰角其他语言待补或未出现；悠星英文待补或未出现,https://prts.wiki/w/泰拉词库
角色／干员代号,,斑点,Spot,,スポット,,鹰角其他语言待补或未出现；悠星英文待补或未出现,https://prts.wiki/w/泰拉词库
角色／干员代号,,格雷伊,Greyy,,グレイ,,鹰角其他语言待补或未出现；悠星英文待补或未出现,https://prts.wiki/w/泰拉词库
角色／干员代号,,诗怀雅,Swire,,スワイヤー,,鹰角其他语言待补或未出现；悠星英文待补或未出现,https://prts.wiki/w/泰拉词库
角色／干员代号,,陈,Ch'en,,チェン,,鹰角其他语言待补或未出现；悠星英文待补或未出现,https://prts.wiki/w/泰拉词库
角色／干员代号,,苏苏洛,Sussurro,,ススーロ,,鹰角其他语言待补或未出现；悠星英文待补或未出现,https://prts.wiki/w/泰拉词库
角色／干员代号,,锡兰,Ceylon,,セイロン,,鹰角其他语言待补或未出现；悠星英文待补或未出现,https://prts.wiki/w/泰拉词库
角色／干员代号,,格劳克斯,Glaucus,,グラウコス,,鹰角其他语言待补或未出现；悠星英文待补或未出现,https://prts.wiki/w/泰拉词库
角色／干员代号,,黑,Schwarz,,シュヴァルツ,,鹰角其他语言待补或未出现；悠星英文待补或未出现,https://prts.wiki/w/泰拉词库
角色／干员代号,,桃金娘,Myrtle,,テンニンカ,,鹰角其他语言待补或未出现；悠星英文待补或未出现,https://prts.wiki/w/泰拉词库
角色／干员代号,,星极,Astesia,,アステシア,,鹰角其他语言待补或未出现；悠星英文待补或未出现,https://prts.wiki/w/泰拉词库
角色／干员代号,,赫拉格,Hellagur,,ヘラグ,,鹰角其他语言待补或未出现；悠星英文待补或未出现,https://prts.wiki/w/泰拉词库
角色／干员代号,,坚雷,Dur-nar,,ジュナー,,鹰角其他语言待补或未出现；悠星英文待补或未出现,https://prts.wiki/w/泰拉词库
角色／干员代号,,红云,Vermeil,,ヴァーミル,,鹰角其他语言待补或未出现；悠星英文待补或未出现,https://prts.wiki/w/泰拉词库
角色／干员代号,,炎客,Flamebringer,,エンカク,,鹰角其他语言待补或未出现；悠星英文待补或未出现,https://prts.wiki/w/泰拉词库
角色／干员代号,,送葬人,Executor,,イグゼキュター,,鹰角其他语言待补或未出现；悠星英文待补或未出现,https://prts.wiki/w/泰拉词库
角色／干员代号,,麦哲伦,Magallan,,マゼラン,,鹰角其他语言待补或未出现；悠星英文待补或未出现,https://prts.wiki/w/泰拉词库
角色／干员代号,,伊桑,Ethan,,イーサン,,鹰角其他语言待补或未出现；悠星英文待补或未出现,https://prts.wiki/w/泰拉词库
角色／干员代号,,微风,Breeze,,ブリーズ,,鹰角其他语言待补或未出现；悠星英文待补或未出现,https://prts.wiki/w/泰拉词库
角色／干员代号,,梅,May,,メイ,,鹰角其他语言待补或未出现；悠星英文待补或未出现,https://prts.wiki/w/泰拉词库
角色／干员代号,,拜松,Bison,,バイソン,,鹰角其他语言待补或未出现；悠星英文待补或未出现,https://prts.wiki/w/泰拉词库
角色／干员代号,,槐琥,Waai Fu,,ワイフー,,鹰角其他语言待补或未出现；悠星英文待补或未出现,https://prts.wiki/w/泰拉词库
角色／干员代号,,莫斯提马,Mostima,,モスティマ,,鹰角其他语言待补或未出现；悠星英文待补或未出现,https://prts.wiki/w/泰拉词库
角色／干员代号,,苇草,Reed,,リード,,鹰角其他语言待补或未出现；悠星英文待补或未出现,https://prts.wiki/w/泰拉词库
角色／干员代号,,布洛卡,Broca,,ブローカ,,鹰角其他语言待补或未出现；悠星英文待补或未出现,https://prts.wiki/w/泰拉词库
角色／干员代号,,安比尔,Ambriel,,アンブリエル,,鹰角其他语言待补或未出现；悠星英文待补或未出现,https://prts.wiki/w/泰拉词库
角色／干员代号,,灰喉,GreyThroat,,グレースロート,,鹰角其他语言待补或未出现；悠星英文待补或未出现,https://prts.wiki/w/泰拉词库
角色／干员代号,,煌,Blaze,,ブレイズ,,鹰角其他语言待补或未出现；悠星英文待补或未出现,https://prts.wiki/w/泰拉词库
角色／干员代号,,雪雉,Snowsant,,スノーズント,,鹰角其他语言待补或未出现；悠星英文待补或未出现,https://prts.wiki/w/泰拉词库
角色／干员代号,,吽,Hung,,ウン,,鹰角其他语言待补或未出现；悠星英文待补或未出现,https://prts.wiki/w/泰拉词库
角色／干员代号,,阿,Aak,,ア,,鹰角其他语言待补或未出现；悠星英文待补或未出现,https://prts.wiki/w/泰拉词库
角色／干员代号,,年,Nian,,ニェン,,鹰角其他语言待补或未出现；悠星英文待补或未出现,https://prts.wiki/w/泰拉词库
角色／干员代号,,惊蛰,Leizi,,レイズ,,鹰角其他语言待补或未出现；悠星英文待补或未出现,https://prts.wiki/w/泰拉词库
角色／干员代号,,刻俄柏,Ceobe,,ケオベ,,鹰角其他语言待补或未出现；悠星英文待补或未出现,https://prts.wiki/w/泰拉词库
角色／干员代号,,清流,Purestream,,セイリュウ,,鹰角其他语言待补或未出现；悠星英文待补或未出现,https://prts.wiki/w/泰拉词库
角色／干员代号,,宴,Utage,,ウタゲ,,鹰角其他语言待补或未出现；悠星英文待补或未出现,https://prts.wiki/w/泰拉词库
角色／干员代号,,柏喙,Bibeak,,バイビーク,,鹰角其他语言待补或未出现；悠星英文待补或未出现,https://prts.wiki/w/泰拉词库
角色／干员代号,,慑砂,Sesa,,シェーシャ,,鹰角其他语言待补或未出现；悠星英文待补或未出现,https://prts.wiki/w/泰拉词库
角色／干员代号,,风笛,Bagpipe,,バグパイプ,,鹰角其他语言待补或未出现；悠星英文待补或未出现,https://prts.wiki/w/泰拉词库
角色／干员代号,,断罪者,Conviction,,コンビクション,,鹰角其他语言待补或未出现；悠星英文待补或未出现,https://prts.wiki/w/泰拉词库
角色／干员代号,,刻刀,Cutter,,カッター,,鹰角其他语言待补或未出现；悠星英文待补或未出现,https://prts.wiki/w/泰拉词库
角色／干员代号,,铸铁,Sideroca,,シデロカ,,鹰角其他语言待补或未出现；悠星英文待补或未出现,https://prts.wiki/w/泰拉词库
角色／干员代号,,巫恋,Shamare,,シャマレ,,鹰角其他语言待补或未出现；悠星英文待补或未出现,https://prts.wiki/w/泰拉词库
角色／干员代号,,傀影,Phantom,,ファントム,,鹰角其他语言待补或未出现；悠星英文待补或未出现,https://prts.wiki/w/泰拉词库
角色／干员代号,,极境,Elysium,,エリジウム,,鹰角其他语言待补或未出现；悠星英文待补或未出现,https://prts.wiki/w/泰拉词库
角色／干员代号,,温蒂,Weedy,,ウィーディ,,鹰角其他语言待补或未出现；悠星英文待补或未出现,https://prts.wiki/w/泰拉词库
角色／干员代号,,W,W,,W,,鹰角其他语言待补或未出现；悠星英文待补或未出现,https://prts.wiki/w/泰拉词库
角色／干员代号,,石棉,Asbestos,,アスベストス,,鹰角其他语言待补或未出现；悠星英文待补或未出现,https://prts.wiki/w/泰拉词库
角色／干员代号,,月禾,Tsukinogi,,ツキノギ,,鹰角其他语言待补或未出现；悠星英文待补或未出现,https://prts.wiki/w/泰拉词库
角色／干员代号,,波登可,Podenco,,ポデンコ,,鹰角其他语言待补或未出现；悠星英文待补或未出现,https://prts.wiki/w/泰拉词库
角色／干员代号,,苦艾,Absinthe,,アブサント,,鹰角其他语言待补或未出现；悠星英文待补或未出现,https://prts.wiki/w/泰拉词库
角色／干员代号,,莱恩哈特,Leonhardt,,レオンハルト,,鹰角其他语言待补或未出现；悠星英文待补或未出现,https://prts.wiki/w/泰拉词库
角色／干员代号,,早露,Роса,,ロサ,,鹰角其他语言待补或未出现；悠星英文待补或未出现,https://prts.wiki/w/泰拉词库
角色／干员代号,,卡达,Click,,カシャ,,鹰角其他语言待补或未出现；悠星英文待补或未出现,https://prts.wiki/w/泰拉词库
角色／干员代号,,亚叶,Folinic,,フォリニック,,鹰角其他语言待补或未出现；悠星英文待补或未出现,https://prts.wiki/w/泰拉词库
角色／干员代号,,断崖,Ayerscarpe,,エアースカーペ,,鹰角其他语言待补或未出现；悠星英文待补或未出现,https://prts.wiki/w/泰拉词库
角色／干员代号,,铃兰,Suzuran,,スズラン,,鹰角其他语言待补或未出现；悠星英文待补或未出现,https://prts.wiki/w/泰拉词库
角色／干员代号,,稀音,Scene,,シーン,,鹰角其他语言待补或未出现；悠星英文待补或未出现,https://prts.wiki/w/泰拉词库
角色／干员代号,,蜜蜡,Beeswax,,ビーズワクス,,鹰角其他语言待补或未出现；悠星英文待补或未出现,https://prts.wiki/w/泰拉词库
角色／干员代号,,贾维,Chiave,,キアーベ,,鹰角其他语言待补或未出现；悠星英文待补或未出现,https://prts.wiki/w/泰拉词库
角色／干员代号,,孑,Jaye,,ジェイ,,鹰角其他语言待补或未出现；悠星英文待补或未出现,https://prts.wiki/w/泰拉词库
角色／干员代号,,安哲拉,Andreana,,アンドレアナ,,鹰角其他语言待补或未出现；悠星英文待补或未出现,https://prts.wiki/w/泰拉词库
角色／干员代号,,棘刺,Thorns,,ソーンズ,,鹰角其他语言待补或未出现；悠星英文待补或未出现,https://prts.wiki/w/泰拉词库
角色／干员代号,,酸糖,Aciddrop,,アシッドドロップ,,鹰角其他语言待补或未出现；悠星英文待补或未出现,https://prts.wiki/w/泰拉词库
角色／干员代号,,特米米,Tomimi,,トミミ,,鹰角其他语言待补或未出现；悠星英文待补或未出现,https://prts.wiki/w/泰拉词库
角色／干员代号,,燧石,Flint,,フリント,,鹰角其他语言待补或未出现；悠星英文待补或未出现,https://prts.wiki/w/泰拉词库
角色／干员代号,,森蚺,Eunectes,,ユーネクテス,,鹰角其他语言待补或未出现；悠星英文待补或未出现,https://prts.wiki/w/泰拉词库
角色／干员代号,,芳汀,Arene,,アレーン,,鹰角其他语言待补或未出现；悠星英文待补或未出现,https://prts.wiki/w/泰拉词库
角色／干员代号,,薄绿,Mint,,ミント,,鹰角其他语言待补或未出现；悠星英文待补或未出现,https://prts.wiki/w/泰拉词库
角色／干员代号,,四月,April,,エイプリル,,鹰角其他语言待补或未出现；悠星英文待补或未出现,https://prts.wiki/w/泰拉词库
角色／干员代号,,史尔特尔,Surtr,,スルト,,鹰角其他语言待补或未出现；悠星英文待补或未出现,https://prts.wiki/w/泰拉词库
角色／干员代号,,泡泡,Bubble,,バブル,,鹰角其他语言待补或未出现；悠星英文待补或未出现,https://prts.wiki/w/泰拉词库
角色／干员代号,,鞭刃,Whislash,,ウィスラッシュ,,鹰角其他语言待补或未出现；悠星英文待补或未出现,https://prts.wiki/w/泰拉词库
角色／干员代号,,奥斯塔,Aosta,,アオスタ,,鹰角其他语言待补或未出现；悠星英文待补或未出现,https://prts.wiki/w/泰拉词库
角色／干员代号,,瑕光,Blemishine,,ブレミシャイン,,鹰角其他语言待补或未出现；悠星英文待补或未出现,https://prts.wiki/w/泰拉词库
角色／干员代号,,杰克,Jackie,,ジャッキー,,鹰角其他语言待补或未出现；悠星英文待补或未出现,https://prts.wiki/w/泰拉词库
角色／干员代号,,絮雨,Whisperain,,ウィスパーレイン,,鹰角其他语言待补或未出现；悠星英文待补或未出现,https://prts.wiki/w/泰拉词库
角色／干员代号,,泥岩,Mudrock,,マドロック,,鹰角其他语言待补或未出现；悠星英文待补或未出现,https://prts.wiki/w/泰拉词库
角色／干员代号,,迷迭香,Rosmontis,,ロスモンティス,,鹰角其他语言待补或未出现；悠星英文待补或未出现,https://prts.wiki/w/泰拉词库
角色／干员代号,,松果,Pinecone,,パインコーン,,鹰角其他语言待补或未出现；悠星英文待补或未出现,https://prts.wiki/w/泰拉词库
角色／干员代号,,罗宾,Robin,,ロビン,,鹰角其他语言待补或未出现；悠星英文待补或未出现,https://prts.wiki/w/泰拉词库
角色／干员代号,,卡夫卡,Kafka,,カフカ,,鹰角其他语言待补或未出现；悠星英文待补或未出现,https://prts.wiki/w/泰拉词库
角色／干员代号,,山,Mountain,,マウンテン,,鹰角其他语言待补或未出现；悠星英文待补或未出现,https://prts.wiki/w/泰拉词库
角色／干员代号,,豆苗,Beanstalk,,ビーンストーク,,鹰角其他语言待补或未出现；悠星英文待补或未出现,https://prts.wiki/w/泰拉词库
角色／干员代号,,爱丽丝,Iris,,アイリス,,鹰角其他语言待补或未出现；悠星英文待补或未出现,https://prts.wiki/w/泰拉词库
角色／干员代号,,空弦,Archetto,,アルケット,,鹰角其他语言待补或未出现；悠星英文待补或未出现,https://prts.wiki/w/泰拉词库
角色／干员代号,,图耶,Tuye,,トゥイエ,,鹰角其他语言待补或未出现；悠星英文待补或未出现,https://prts.wiki/w/泰拉词库
角色／干员代号,,炎狱炎熔,Lava the Purgatory,,炎獄ラヴァ,,鹰角其他语言待补或未出现；悠星英文待补或未出现,https://prts.wiki/w/泰拉词库
角色／干员代号,,乌有,Mr.Nothing,,ウユウ,,鹰角其他语言待补或未出现；悠星英文待补或未出现,https://prts.wiki/w/泰拉词库
角色／干员代号,,嵯峨,Saga,,サガ,,鹰角其他语言待补或未出现；悠星英文待补或未出现,https://prts.wiki/w/泰拉词库
角色／干员代号,,夕,Dusk,,シー,,鹰角其他语言待补或未出现；悠星英文待补或未出现,https://prts.wiki/w/泰拉词库
角色／干员代号,,战车,Tachanka,,Tachanka,,鹰角其他语言待补或未出现；悠星英文待补或未出现,https://prts.wiki/w/泰拉词库
角色／干员代号,,闪击,Blitz,,Blitz,,鹰角其他语言待补或未出现；悠星英文待补或未出现,https://prts.wiki/w/泰拉词库
角色／干员代号,,霜华,Frost,,Frost,,鹰角其他语言待补或未出现；悠星英文待补或未出现,https://prts.wiki/w/泰拉词库
角色／干员代号,,灰烬,Ash,,Ash,,鹰角其他语言待补或未出现；悠星英文待补或未出现,https://prts.wiki/w/泰拉词库
角色／干员代号,,暴雨,Heavyrain,,ヘビーレイン,,鹰角其他语言待补或未出现；悠星英文待补或未出现,https://prts.wiki/w/泰拉词库
角色／干员代号,,熔泉,Toddifons,,トギフォンス,,鹰角其他语言待补或未出现；悠星英文待补或未出现,https://prts.wiki/w/泰拉词库
角色／干员代号,,异客,Passenger,,パッセンジャー,,鹰角其他语言待补或未出现；悠星英文待补或未出现,https://prts.wiki/w/泰拉词库
角色／干员代号,,赤冬,Akafuyu,,アカフユ,,鹰角其他语言待补或未出现；悠星英文待补或未出现,https://prts.wiki/w/泰拉词库
角色／干员代号,,歌蕾蒂娅,Gladiia,,グレイディーア,,鹰角其他语言待补或未出现；悠星英文待补或未出现,https://prts.wiki/w/泰拉词库
角色／干员代号,,凯尔希,Kal'tsit,,ケルシー,,鹰角其他语言待补或未出现；悠星英文待补或未出现,https://prts.wiki/w/泰拉词库
角色／干员代号,,浊心斯卡蒂,Skadi the Corrupting Heart,,濁心スカジ,,鹰角其他语言待补或未出现；悠星英文待补或未出现,https://prts.wiki/w/泰拉词库
角色／干员代号,,深靛,Indigo,,インディゴ,,鹰角其他语言待补或未出现；悠星英文待补或未出现,https://prts.wiki/w/泰拉词库
角色／干员代号,,贝娜,Bena,,ベナ,,鹰角其他语言待补或未出现；悠星英文待补或未出现,https://prts.wiki/w/泰拉词库
角色／干员代号,,绮良,Kirara,,キララ,,鹰角其他语言待补或未出现；悠星英文待补或未出现,https://prts.wiki/w/泰拉词库
角色／干员代号,,卡涅利安,Carnelian,,カーネリアン,,鹰角其他语言待补或未出现；悠星英文待补或未出现,https://prts.wiki/w/泰拉词库
角色／干员代号,,帕拉斯,Pallas,,パラス,,鹰角其他语言待补或未出现；悠星英文待补或未出现,https://prts.wiki/w/泰拉词库
角色／干员代号,,龙舌兰,Tequila,,テキーラ,,鹰角其他语言待补或未出现；悠星英文待补或未出现,https://prts.wiki/w/泰拉词库
角色／干员代号,,羽毛笔,La Pluma,,ラ・プルマ,,鹰角其他语言待补或未出现；悠星英文待补或未出现,https://prts.wiki/w/泰拉词库
角色／干员代号,,水月,Mizuki,,ミヅキ,,鹰角其他语言待补或未出现；悠星英文待补或未出现,https://prts.wiki/w/泰拉词库
角色／干员代号,,假日威龙陈,Ch'en the Holungday,,遊龍チェン,,鹰角其他语言待补或未出现；悠星英文待补或未出现,https://prts.wiki/w/泰拉词库
角色／干员代号,,罗比菈塔,Roberta,,ロベルタ,,鹰角其他语言待补或未出现；悠星英文待补或未出现,https://prts.wiki/w/泰拉词库
角色／干员代号,,桑葚,Mulberry,,マルベリー,,鹰角其他语言待补或未出现；悠星英文待补或未出现,https://prts.wiki/w/泰拉词库
角色／干员代号,,琴柳,Saileach,,サイラッハ,,鹰角其他语言待补或未出现；悠星英文待补或未出现,https://prts.wiki/w/泰拉词库
角色／干员代号,,灰毫,Ashlock,,アッシュロック,,鹰角其他语言待补或未出现；悠星英文待补或未出现,https://prts.wiki/w/泰拉词库
角色／干员代号,,远牙,Fartooth,,ファートゥース,,鹰角其他语言待补或未出现；悠星英文待补或未出现,https://prts.wiki/w/泰拉词库
角色／干员代号,,布丁,Pudding,,プリン,,鹰角其他语言待补或未出现；悠星英文待补或未出现,https://prts.wiki/w/泰拉词库
角色／干员代号,,蜜莓,Honeyberry,,ハニーベリー,,鹰角其他语言待补或未出现；悠星英文待补或未出现,https://prts.wiki/w/泰拉词库
角色／干员代号,,野鬃,Wild Mane,,ワイルドメイン,,鹰角其他语言待补或未出现；悠星英文待补或未出现,https://prts.wiki/w/泰拉词库
角色／干员代号,,蚀清,Corroserum,,コロセラム,,鹰角其他语言待补或未出现；悠星英文待补或未出现,https://prts.wiki/w/泰拉词库
角色／干员代号,,焰尾,Flametail,,フレイムテイル,,鹰角其他语言待补或未出现；悠星英文待补或未出现,https://prts.wiki/w/泰拉词库
角色／干员代号,,耀骑士临光,Nearl the Radiant Knight,,耀騎士ニアール,,鹰角其他语言待补或未出现；悠星英文待补或未出现,https://prts.wiki/w/泰拉词库
角色／干员代号,,耶拉,Kjera,,イェラ,,鹰角其他语言待补或未出现；悠星英文待补或未出现,https://prts.wiki/w/泰拉词库
角色／干员代号,,极光,Aurora,,オーロラ,,鹰角其他语言待补或未出现；悠星英文待补或未出现,https://prts.wiki/w/泰拉词库
角色／干员代号,,灵知,Gnosis,,ノーシス,,鹰角其他语言待补或未出现；悠星英文待补或未出现,https://prts.wiki/w/泰拉词库
角色／干员代号,,暮落,Shalem,,シャレム,,鹰角其他语言待补或未出现；悠星英文待补或未出现,https://prts.wiki/w/泰拉词库
角色／干员代号,,九色鹿,Nine-Colored Deer,,九色鹿,,鹰角其他语言待补或未出现；悠星英文待补或未出现,https://prts.wiki/w/泰拉词库
角色／干员代号,,寒芒克洛丝,Kroos the Keen Glint,,寒芒クルース,,鹰角其他语言待补或未出现；悠星英文待补或未出现,https://prts.wiki/w/泰拉词库
角色／干员代号,,夜半,Blacknight,,ブラックナイト,,鹰角其他语言待补或未出现；悠星英文待补或未出现,https://prts.wiki/w/泰拉词库
角色／干员代号,,老鲤,Lee,,リー,,鹰角其他语言待补或未出现；悠星英文待补或未出现,https://prts.wiki/w/泰拉词库
角色／干员代号,,令,Ling,,リィン,,鹰角其他语言待补或未出现；悠星英文待补或未出现,https://prts.wiki/w/泰拉词库
角色／干员代号,,夏栎,Quercus,,クエルクス,,鹰角其他语言待补或未出现；悠星英文待补或未出现,https://prts.wiki/w/泰拉词库
角色／干员代号,,澄闪,Goldenglow,,ゴールデングロー,,鹰角其他语言待补或未出现；悠星英文待补或未出现,https://prts.wiki/w/泰拉词库
角色／干员代号,,见行者,Enforcer,,エンフォーサー,,鹰角其他语言待补或未出现；悠星英文待补或未出现,https://prts.wiki/w/泰拉词库
角色／干员代号,,风丸,Kazemaru,,カゼマル,,鹰角其他语言待补或未出现；悠星英文待补或未出现,https://prts.wiki/w/泰拉词库
角色／干员代号,,菲亚梅塔,Fiammetta,,フィアメッタ,,鹰角其他语言待补或未出现；悠星英文待补或未出现,https://prts.wiki/w/泰拉词库
角色／干员代号,,褐果,Chestnut,,チェストナット,,鹰角其他语言待补或未出现；悠星英文待补或未出现,https://prts.wiki/w/泰拉词库
角色／干员代号,,海蒂,Heidi,,ハイディ,,鹰角其他语言待补或未出现；悠星英文待补或未出现,https://prts.wiki/w/泰拉词库
角色／干员代号,,洛洛,Rockrock,,ロックロック,,鹰角其他语言待补或未出现；悠星英文待补或未出现,https://prts.wiki/w/泰拉词库
角色／干员代号,,号角,Horn,,ホルン,,鹰角其他语言待补或未出现；悠星英文待补或未出现,https://prts.wiki/w/泰拉词库
角色／干员代号,,掠风,Windflit,,ウインドフリット,,鹰角其他语言待补或未出现；悠星英文待补或未出现,https://prts.wiki/w/泰拉词库
角色／干员代号,,流明,Lumen,,ルーメン,,鹰角其他语言待补或未出现；悠星英文待补或未出现,https://prts.wiki/w/泰拉词库
角色／干员代号,,艾丽妮,Irene,,アイリーニ,,鹰角其他语言待补或未出现；悠星英文待补或未出现,https://prts.wiki/w/泰拉词库
角色／干员代号,,归溟幽灵鲨,Specter the Unchained,,帰溟スペクター,,鹰角其他语言待补或未出现；悠星英文待补或未出现,https://prts.wiki/w/泰拉词库
角色／干员代号,,埃拉托,Erato,,エラト,,鹰角其他语言待补或未出现；悠星英文待补或未出现,https://prts.wiki/w/泰拉词库
角色／干员代号,,车尔尼,Czerny,,ツェルニー,,鹰角其他语言待补或未出现；悠星英文待补或未出现,https://prts.wiki/w/泰拉词库
角色／干员代号,,濯尘芙蓉,Hibiscus the Purifier,,濯塵ハイビスカス,,鹰角其他语言待补或未出现；悠星英文待补或未出现,https://prts.wiki/w/泰拉词库
角色／干员代号,,黑键,Ebenholz,,エーベンホルツ,,鹰角其他语言待补或未出现；悠星英文待补或未出现,https://prts.wiki/w/泰拉词库
角色／干员代号,,星源,Astgenne,,アステジーニ,,鹰角其他语言待补或未出现；悠星英文待补或未出现,https://prts.wiki/w/泰拉词库
角色／干员代号,,承曦格雷伊,Greyy the Lightningbearer,,承曦グレイ,,鹰角其他语言待补或未出现；悠星英文待补或未出现,https://prts.wiki/w/泰拉词库
角色／干员代号,,多萝西,Dorothy,,ドロシー,,鹰角其他语言待补或未出现；悠星英文待补或未出现,https://prts.wiki/w/泰拉词库
角色／干员代号,,至简,Minimalist,,ミニマリスト,,鹰角其他语言待补或未出现；悠星英文待补或未出现,https://prts.wiki/w/泰拉词库
角色／干员代号,,晓歌,Cantabile,,カンタービレ,,鹰角其他语言待补或未出现；悠星英文待补或未出现,https://prts.wiki/w/泰拉词库
角色／干员代号,,鸿雪,Позёмка,,パゼオンカ,,鹰角其他语言待补或未出现；悠星英文待补或未出现,https://prts.wiki/w/泰拉词库
角色／干员代号,,百炼嘉维尔,Gavial the Invincible,,百錬ガヴィル,,鹰角其他语言待补或未出现；悠星英文待补或未出现,https://prts.wiki/w/泰拉词库
角色／干员代号,,但书,Proviso,,プロヴァイゾ,,鹰角其他语言待补或未出现；悠星英文待补或未出现,https://prts.wiki/w/泰拉词库
角色／干员代号,,玛恩纳,Młynar,,ムリナール,,鹰角其他语言待补或未出现；悠星英文待补或未出现,https://prts.wiki/w/泰拉词库
角色／干员代号,,罗小黑,Luo Xiaohei,,羅小黒,,鹰角其他语言待补或未出现；悠星英文待补或未出现,https://prts.wiki/w/泰拉词库
角色／干员代号,,海沫,Highmore,,ハイモア,,鹰角其他语言待补或未出现；悠星英文待补或未出现,https://prts.wiki/w/泰拉词库
角色／干员代号,,铅踝,Totter,,トター,,鹰角其他语言待补或未出现；悠星英文待补或未出现,https://prts.wiki/w/泰拉词库
角色／干员代号,,达格达,Dagda,,ダグザ,,鹰角其他语言待补或未出现；悠星英文待补或未出现,https://prts.wiki/w/泰拉词库
角色／干员代号,,明椒,Paprika,,パプリカ,,鹰角其他语言待补或未出现；悠星英文待补或未出现,https://prts.wiki/w/泰拉词库
角色／干员代号,,白铁,Stainless,,ステインレス,,鹰角其他语言待补或未出现；悠星英文待补或未出现,https://prts.wiki/w/泰拉词库
角色／干员代号,,石英,Quartz,,クォーツ,,鹰角其他语言待补或未出现；悠星英文待补或未出现,https://prts.wiki/w/泰拉词库
角色／干员代号,,雪绒,Qanipalaat,,カニパラート,,鹰角其他语言待补或未出现；悠星英文待补或未出现,https://prts.wiki/w/泰拉词库
角色／干员代号,,子月,Lunacub,,ルナカブ,,鹰角其他语言待补或未出现；悠星英文待补或未出现,https://prts.wiki/w/泰拉词库
角色／干员代号,,伺夜,Vigil,,ヴィジェル,,鹰角其他语言待补或未出现；悠星英文待补或未出现,https://prts.wiki/w/泰拉词库
角色／干员代号,,斥罪,Penance,,ペナンス,,鹰角其他语言待补或未出现；悠星英文待补或未出现,https://prts.wiki/w/泰拉词库
角色／干员代号,,缄默德克萨斯,Texas the Omertosa,,血掟テキサス,,鹰角其他语言待补或未出现；悠星英文待补或未出现,https://prts.wiki/w/泰拉词库
角色／干员代号,,谜图,Puzzle,,パズル,,鹰角其他语言待补或未出现；悠星英文待补或未出现,https://prts.wiki/w/泰拉词库
角色／干员代号,,和弦,Harmonie,,ハーモニー,,鹰角其他语言待补或未出现；悠星英文待补或未出现,https://prts.wiki/w/泰拉词库
角色／干员代号,,焰影苇草,Reed The Flame Shadow,,焔影リード,,鹰角其他语言待补或未出现；悠星英文待补或未出现,https://prts.wiki/w/泰拉词库
角色／干员代号,,截云,Jieyun,,ジエユン,,鹰角其他语言待补或未出现；悠星英文待补或未出现,https://prts.wiki/w/泰拉词库
角色／干员代号,,火哨,Firewhistle,,ファイヤーホイッスル,,鹰角其他语言待补或未出现；悠星英文待补或未出现,https://prts.wiki/w/泰拉词库
角色／干员代号,,林,Lin,,リン,,鹰角其他语言待补或未出现；悠星英文待补或未出现,https://prts.wiki/w/泰拉词库
角色／干员代号,,重岳,Chongyue,,チョンユエ,,鹰角其他语言待补或未出现；悠星英文待补或未出现,https://prts.wiki/w/泰拉词库
角色／干员代号,,铎铃,Wind Chimes,,ウィンドチャイム,,鹰角其他语言待补或未出现；悠星英文待补或未出现,https://prts.wiki/w/泰拉词库
角色／干员代号,,仇白,Qiubai,,チューバイ,,鹰角其他语言待补或未出现；悠星英文待补或未出现,https://prts.wiki/w/泰拉词库
角色／干员代号,,火龙S黑角,Rathalos S Noir Corne,,レウスSノイルホーン,,鹰角其他语言待补或未出现；悠星英文待补或未出现,https://prts.wiki/w/泰拉词库
角色／干员代号,,麒麟R夜刀,Kirin R Yato,,キリンRヤトウ,,鹰角其他语言待补或未出现；悠星英文待补或未出现,https://prts.wiki/w/泰拉词库
角色／干员代号,,休谟斯,Humus,,ヒューマス,,鹰角其他语言待补或未出现；悠星英文待补或未出现,https://prts.wiki/w/泰拉词库
角色／干员代号,,摩根,Morgan,,モーガン,,鹰角其他语言待补或未出现；悠星英文待补或未出现,https://prts.wiki/w/泰拉词库
角色／干员代号,,洋灰,Cement,,セメント,,鹰角其他语言待补或未出现；悠星英文待补或未出现,https://prts.wiki/w/泰拉词库
角色／干员代号,,伊内丝,Ines,,イネス,,鹰角其他语言待补或未出现；悠星英文待补或未出现,https://prts.wiki/w/泰拉词库
角色／干员代号,,玫拉,Melanite,,メラナイト,,鹰角其他语言待补或未出现；悠星英文待补或未出现,https://prts.wiki/w/泰拉词库
角色／干员代号,,淬羽赫默,Silence the Paradigmatic,,淬羽サイレンス,,鹰角其他语言待补或未出现；悠星英文待补或未出现,https://prts.wiki/w/泰拉词库
角色／干员代号,,霍尔海雅,Ho'olheyak,,ホルハイヤ,,鹰角其他语言待补或未出现；悠星英文待补或未出现,https://prts.wiki/w/泰拉词库
角色／干员代号,,缪尔赛思,Muelsyse,,ミュルジス,,鹰角其他语言待补或未出现；悠星英文待补或未出现,https://prts.wiki/w/泰拉词库
角色／干员代号,,隐现,Insider,,インサイダー,,鹰角其他语言待补或未出现；悠星英文待补或未出现,https://prts.wiki/w/泰拉词库
角色／干员代号,,空构,Spuria,,スプリア,,鹰角其他语言待补或未出现；悠星英文待补或未出现,https://prts.wiki/w/泰拉词库
角色／干员代号,,圣约送葬人,Executor the Ex Foedere,,聖約イグゼキュター,,鹰角其他语言待补或未出现；悠星英文待补或未出现,https://prts.wiki/w/泰拉词库
角色／干员代号,,寒檀,Santalla,,サンタラ,,鹰角其他语言待补或未出现；悠星英文待补或未出现,https://prts.wiki/w/泰拉词库
角色／干员代号,,提丰,Typhon,,ティフォン,,鹰角其他语言待补或未出现；悠星英文待补或未出现,https://prts.wiki/w/泰拉词库
角色／干员代号,,凛视,Valarqvin,,ヴァラルクビン,,鹰角其他语言待补或未出现；悠星英文待补或未出现,https://prts.wiki/w/泰拉词库
角色／干员代号,,苍苔,Bryophyta,,ブライオファイタ,,鹰角其他语言待补或未出现；悠星英文待补或未出现,https://prts.wiki/w/泰拉词库
角色／干员代号,,青枳,Poncirus,,ポンシラス,,鹰角其他语言待补或未出现；悠星英文待补或未出现,https://prts.wiki/w/泰拉词库
角色／干员代号,,琳琅诗怀雅,Swire the Elegant Wit,,琳琅スワイヤー,,鹰角其他语言待补或未出现；悠星英文待补或未出现,https://prts.wiki/w/泰拉词库
角色／干员代号,,纯烬艾雅法拉,Eyjafjalla the Hvít Aska,,純燼エイヤフィヤトラ,,鹰角其他语言待补或未出现；悠星英文待补或未出现,https://prts.wiki/w/泰拉词库
角色／干员代号,,冰酿,Coldshot,,コールドショット,,鹰角其他语言待补或未出现；悠星英文待补或未出现,https://prts.wiki/w/泰拉词库
角色／干员代号,,杏仁,Almond,,アーモンド,,鹰角其他语言待补或未出现；悠星英文待补或未出现,https://prts.wiki/w/泰拉词库
角色／干员代号,,涤火杰西卡,Jessica the Liberated,,滌火ジェシカ,,鹰角其他语言待补或未出现；悠星英文待补或未出现,https://prts.wiki/w/泰拉词库
角色／干员代号,,维荻,Verdant,,ヴァーダント,,鹰角其他语言待补或未出现；悠星英文待补或未出现,https://prts.wiki/w/泰拉词库
角色／干员代号,,戴菲恩,Delphine,,デルフィーン,,鹰角其他语言待补或未出现；悠星英文待补或未出现,https://prts.wiki/w/泰拉词库
角色／干员代号,,刺玫,Vendela,,ヴァンデラ,,鹰角其他语言待补或未出现；悠星英文待补或未出现,https://prts.wiki/w/泰拉词库
角色／干员代号,,赫德雷,Hoederer,,ヘドリー,,鹰角其他语言待补或未出现；悠星英文待补或未出现,https://prts.wiki/w/泰拉词库
角色／干员代号,,跃跃,Caper,,ケイパー,,鹰角其他语言待补或未出现；悠星英文待补或未出现,https://prts.wiki/w/泰拉词库
角色／干员代号,,折光,Diamante,,ディアマンテ,,鹰角其他语言待补或未出现；悠星英文待补或未出现,https://prts.wiki/w/泰拉词库
角色／干员代号,,深律,Bassline,,ベースライン,,鹰角其他语言待补或未出现；悠星英文待补或未出现,https://prts.wiki/w/泰拉词库
角色／干员代号,,止颂,Lessing,,レッシング,,鹰角其他语言待补或未出现；悠星英文待补或未出现,https://prts.wiki/w/泰拉词库
角色／干员代号,,薇薇安娜,Viviana,,ヴィヴィアナ,,鹰角其他语言待补或未出现；悠星英文待补或未出现,https://prts.wiki/w/泰拉词库
角色／干员代号,,塑心,Virtuosa,,ヴィルトゥオーサ,,鹰角其他语言待补或未出现；悠星英文待补或未出现,https://prts.wiki/w/泰拉词库
角色／干员代号,,哈洛德,Harold,,ハロルド,,鹰角其他语言待补或未出现；悠星英文待补或未出现,https://prts.wiki/w/泰拉词库
角色／干员代号,,烈夏,Лето,,リェータ,,鹰角其他语言待补或未出现；悠星英文待补或未出现,https://prts.wiki/w/泰拉词库
角色／干员代号,,锏,Degenbrecher,,デーゲンブレヒャー,,鹰角其他语言待补或未出现；悠星英文待补或未出现,https://prts.wiki/w/泰拉词库
角色／干员代号,,温米,Warmy,,ウォーミー,,鹰角其他语言待补或未出现；悠星英文待补或未出现,https://prts.wiki/w/泰拉词库
角色／干员代号,,莱伊,Ray,,レイ,,鹰角其他语言待补或未出现；悠星英文待补或未出现,https://prts.wiki/w/泰拉词库
角色／干员代号,,万顷,Wanqing,,ワンチィン,,鹰角其他语言待补或未出现；悠星英文待补或未出现,https://prts.wiki/w/泰拉词库
角色／干员代号,,小满,Grain Buds,,グレインバッズ,,鹰角其他语言待补或未出现；悠星英文待补或未出现,https://prts.wiki/w/泰拉词库
角色／干员代号,,左乐,Zuo Le,,ズオ・ラウ,,鹰角其他语言待补或未出现；悠星英文待补或未出现,https://prts.wiki/w/泰拉词库
角色／干员代号,,黍,Shu,,シュウ,,鹰角其他语言待补或未出现；悠星英文待补或未出现,https://prts.wiki/w/泰拉词库
角色／干员代号,,红隼,Kestrel,,ケストレル,,鹰角其他语言待补或未出现；悠星英文待补或未出现,https://prts.wiki/w/泰拉词库
角色／干员代号,,导火索,Fuze,,Fuze,,鹰角其他语言待补或未出现；悠星英文待补或未出现,https://prts.wiki/w/泰拉词库
角色／干员代号,,双月,Iana,,Iana,,鹰角其他语言待补或未出现；悠星英文待补或未出现,https://prts.wiki/w/泰拉词库
角色／干员代号,,医生,Doc,,Doc,,鹰角其他语言待补或未出现；悠星英文待补或未出现,https://prts.wiki/w/泰拉词库
角色／干员代号,,艾拉,Ela,,Ela,,鹰角其他语言待补或未出现；悠星英文待补或未出现,https://prts.wiki/w/泰拉词库
角色／干员代号,,露托,Lutonada,,ルトナダ,,鹰角其他语言待补或未出现；悠星英文待补或未出现,https://prts.wiki/w/泰拉词库
角色／干员代号,,奥达,Odda,,オッダ,,鹰角其他语言待补或未出现；悠星英文待补或未出现,https://prts.wiki/w/泰拉词库
角色／干员代号,,阿罗玛,Aroma,,アロマ,,鹰角其他语言待补或未出现；悠星英文待补或未出现,https://prts.wiki/w/泰拉词库
角色／干员代号,,阿斯卡纶,Ascalon,,アスカロン,,鹰角其他语言待补或未出现；悠星英文待补或未出现,https://prts.wiki/w/泰拉词库
角色／干员代号,,历阵锐枪芬,Fang the Fire-sharpened,,歴陣鋭槍フェン,,鹰角其他语言待补或未出现；悠星英文待补或未出现,https://prts.wiki/w/泰拉词库
角色／干员代号,,魔王,Civilight Eterna,,シヴィライト・エテルナ,,鹰角其他语言待补或未出现；悠星英文待补或未出现,https://prts.wiki/w/泰拉词库
角色／干员代号,,逻各斯,Logos,,ロゴス,,鹰角其他语言待补或未出现；悠星英文待补或未出现,https://prts.wiki/w/泰拉词库
角色／干员代号,,维什戴尔,Wiš'adel,,ウィシャデル,,鹰角其他语言待补或未出现；悠星英文待补或未出现,https://prts.wiki/w/泰拉词库
角色／干员代号,,阿米娅(医疗),Amiya,,,,鹰角其他语言待补或未出现；悠星日文待补或未出现；悠星英文待补或未出现,https://prts.wiki/w/泰拉词库
角色／干员代号,,深巡,Underflow,,アンダーフロー,,鹰角其他语言待补或未出现；悠星英文待补或未出现,https://prts.wiki/w/泰拉词库
角色／干员代号,,海霓,Lucilla,,ルシーラ,,鹰角其他语言待补或未出现；悠星英文待补或未出现,https://prts.wiki/w/泰拉词库
角色／干员代号,,乌尔比安,Ulpianus,,ウルピアヌス,,鹰角其他语言待补或未出现；悠星英文待补或未出现,https://prts.wiki/w/泰拉词库
角色／干员代号,,渡桥,Mitm,,ミトム,,鹰角其他语言待补或未出现；悠星英文待补或未出现,https://prts.wiki/w/泰拉词库
角色／干员代号,,妮芙,Nymph,,ニンフ,,鹰角其他语言待补或未出现；悠星英文待补或未出现,https://prts.wiki/w/泰拉词库
角色／干员代号,,锡人,Tin Man,,ブリキ,,鹰角其他语言待补或未出现；悠星英文待补或未出现,https://prts.wiki/w/泰拉词库
角色／干员代号,,莎草,Papyrus,,パピルス,,鹰角其他语言待补或未出现；悠星英文待补或未出现,https://prts.wiki/w/泰拉词库
角色／干员代号,,衡沙,Sand Reckoner,,サンドレコナー,,鹰角其他语言待补或未出现；悠星英文待补或未出现,https://prts.wiki/w/泰拉词库
角色／干员代号,,娜仁图亚,Narantuya,,ナラントゥヤ,,鹰角其他语言待补或未出现；悠星英文待补或未出现,https://prts.wiki/w/泰拉词库
角色／干员代号,,佩佩,Pepe,,ペペ,,鹰角其他语言待补或未出现；悠星英文待补或未出现,https://prts.wiki/w/泰拉词库
角色／干员代号,,森西,Senshi,,センシ,,鹰角其他语言待补或未出现；悠星英文待补或未出现,https://prts.wiki/w/泰拉词库
角色／干员代号,,齐尔查克,Chilchuck,,チルチャック,,鹰角其他语言待补或未出现；悠星英文待补或未出现,https://prts.wiki/w/泰拉词库
角色／干员代号,,莱欧斯,Laios,,ライオス,,鹰角其他语言待补或未出现；悠星英文待补或未出现,https://prts.wiki/w/泰拉词库
角色／干员代号,,玛露西尔,Marcille,,マルシル,,鹰角其他语言待补或未出现；悠星英文待补或未出现,https://prts.wiki/w/泰拉词库
角色／干员代号,,凯瑟琳,Catherine,,キャサリン,,鹰角其他语言待补或未出现；悠星英文待补或未出现,https://prts.wiki/w/泰拉词库
角色／干员代号,,波卜,Bobbing,,ボビング,,鹰角其他语言待补或未出现；悠星英文待补或未出现,https://prts.wiki/w/泰拉词库
角色／干员代号,,维娜·维多利亚,Vina Victoria,,ヴィーナ・ヴィクトリア,,鹰角其他语言待补或未出现；悠星英文待补或未出现,https://prts.wiki/w/泰拉词库
角色／干员代号,,云迹,Contrail,,コントレイル,,鹰角其他语言待补或未出现；悠星英文待补或未出现,https://prts.wiki/w/泰拉词库
角色／干员代号,,菲莱,Philae,,フィラエ,,鹰角其他语言待补或未出现；悠星英文待补或未出现,https://prts.wiki/w/泰拉词库
角色／干员代号,,裁度,Figurino,,フィグリーノ,,鹰角其他语言待补或未出现；悠星英文待补或未出现,https://prts.wiki/w/泰拉词库
角色／干员代号,,弑君者,Crownslayer,,クラウンスレイヤー,,鹰角其他语言待补或未出现；悠星英文待补或未出现,https://prts.wiki/w/泰拉词库
角色／干员代号,,忍冬,Vulpisfoglia,,ウルピスフォリア,,鹰角其他语言待补或未出现；悠星英文待补或未出现,https://prts.wiki/w/泰拉词库
角色／干员代号,,荒芜拉普兰德,Lappland the Decadenza,,荒蕪ラップランド,,鹰角其他语言待补或未出现；悠星英文待补或未出现,https://prts.wiki/w/泰拉词库
角色／干员代号,,瑰盐,Rose Salt,,ローズソルト,,鹰角其他语言待补或未出现；悠星英文待补或未出现,https://prts.wiki/w/泰拉词库
角色／干员代号,,特克诺,Tecno,,テクノ,,鹰角其他语言待补或未出现；悠星英文待补或未出现,https://prts.wiki/w/泰拉词库
角色／干员代号,,引星棘刺,Thorns the Lodestar,,引星ソーンズ,,鹰角其他语言待补或未出现；悠星英文待补或未出现,https://prts.wiki/w/泰拉词库
角色／干员代号,,行箸,Xingzhu,,シィンズゥ,,鹰角其他语言待补或未出现；悠星英文待补或未出现,https://prts.wiki/w/泰拉词库
角色／干员代号,,寻澜,Surfer,,サーファー,,鹰角其他语言待补或未出现；悠星英文待补或未出现,https://prts.wiki/w/泰拉词库
角色／干员代号,,烛煌,Blaze the Igniting Spark,,熾炎ブレイズ,,鹰角其他语言待补或未出现；悠星英文待补或未出现,https://prts.wiki/w/泰拉词库
角色／干员代号,,余,Yu,,ユー,,鹰角其他语言待补或未出现；悠星英文待补或未出现,https://prts.wiki/w/泰拉词库
角色／干员代号,,诺威尔,Nowell,,ノウエル,,鹰角其他语言待补或未出现；悠星英文待补或未出现,https://prts.wiki/w/泰拉词库
角色／干员代号,,隐德来希,Entelechia,,エンテレケイア,,鹰角其他语言待补或未出现；悠星英文待补或未出现,https://prts.wiki/w/泰拉词库
角色／干员代号,,水灯心,Brigid,,ブリギッド,,鹰角其他语言待补或未出现；悠星英文待补或未出现,https://prts.wiki/w/泰拉词库
角色／干员代号,,钼铅,Wulfenite,,ウルフェナイト,,鹰角其他语言待补或未出现；悠星英文待补或未出现,https://prts.wiki/w/泰拉词库
角色／干员代号,,死芒,Necrass,,ネクラス,,鹰角其他语言待补或未出现；悠星英文待补或未出现,https://prts.wiki/w/泰拉词库
角色／干员代号,,骋风,Windscoot,,ウィンドスクート,,鹰角其他语言待补或未出现；悠星英文待补或未出现,https://prts.wiki/w/泰拉词库
角色／干员代号,,阿兰娜,Alanna,,アランナ,,鹰角其他语言待补或未出现；悠星英文待补或未出现,https://prts.wiki/w/泰拉词库
角色／干员代号,,Mon3tr,Mon3tr,,Mon3tr,,鹰角其他语言待补或未出现；悠星英文待补或未出现,https://prts.wiki/w/泰拉词库
角色／干员代号,,聆音,Gracebearer,,グレースベアラー,,鹰角其他语言待补或未出现；悠星英文待补或未出现,https://prts.wiki/w/泰拉词库
角色／干员代号,,信仰搅拌机,Sankta Miksaparato,,サンクタ・ミキサー,,鹰角其他语言待补或未出现；悠星英文待补或未出现,https://prts.wiki/w/泰拉词库
角色／干员代号,,蕾缪安,Lemuen,,レミュアン,,鹰角其他语言待补或未出现；悠星英文待补或未出现,https://prts.wiki/w/泰拉词库
角色／干员代号,,新约能天使,Exusiai the New Covenant,,新約エクシア,,鹰角其他语言待补或未出现；悠星英文待补或未出现,https://prts.wiki/w/泰拉词库
角色／干员代号,,Miss.Christine,Miss.Christine,,ミス・クリスティーン,,鹰角其他语言待补或未出现；悠星英文待补或未出现,https://prts.wiki/w/泰拉词库
角色／干员代号,,蒂比,Tippi,,ティッピ,,鹰角其他语言待补或未出现；悠星英文待补或未出现,https://prts.wiki/w/泰拉词库
角色／干员代号,,酒神,Tragodia,,トラゴーディア,,鹰角其他语言待补或未出现；悠星英文待补或未出现,https://prts.wiki/w/泰拉词库
角色／干员代号,,录武官,Record Keeper,,レコードキーパー,,鹰角其他语言待补或未出现；悠星英文待补或未出现,https://prts.wiki/w/泰拉词库
角色／干员代号,,司霆惊蛰,Leizi the Thunderbringer,,司霆レイズ,,鹰角其他语言待补或未出现；悠星英文待补或未出现,https://prts.wiki/w/泰拉词库
角色／干员代号,,电弧,Raidian,,レイディアン,,鹰角其他语言待补或未出现；悠星英文待补或未出现,https://prts.wiki/w/泰拉词库
角色／干员代号,,松桐,Matsukiri,,マツキリ,,鹰角其他语言待补或未出现；悠星英文待补或未出现,https://prts.wiki/w/泰拉词库
角色／干员代号,,吉星,Kichisei,,キチセイ,,鹰角其他语言待补或未出现；悠星英文待补或未出现,https://prts.wiki/w/泰拉词库
角色／干员代号,,遥,Haruka,,ハルカ,,鹰角其他语言待补或未出现；悠星英文待补或未出现,https://prts.wiki/w/泰拉词库
角色／干员代号,,斩业星熊,Hoshiguma the Breacher,,斬業ホシグマ,,鹰角其他语言待补或未出现；悠星英文待补或未出现,https://prts.wiki/w/泰拉词库
角色／干员代号,,祐天寺若麦,Yūtenji Nyamu,,祐天寺にゃむ,,鹰角其他语言待补或未出现；悠星英文待补或未出现,https://prts.wiki/w/泰拉词库
角色／干员代号,,八幡海铃,Yahata Umiri,,八幡海鈴,,鹰角其他语言待补或未出现；悠星英文待补或未出现,https://prts.wiki/w/泰拉词库
角色／干员代号,,若叶睦,Wakaba Mutsumi,,若葉睦,,鹰角其他语言待补或未出现；悠星英文待补或未出现,https://prts.wiki/w/泰拉词库
角色／干员代号,,三角初华,Misumi Uika,,三角初華,,鹰角其他语言待补或未出现；悠星英文待补或未出现,https://prts.wiki/w/泰拉词库
角色／干员代号,,丰川祥子,Togawa Sakiko,,豊川祥子,,鹰角其他语言待补或未出现；悠星英文待补或未出现,https://prts.wiki/w/泰拉词库
角色／干员代号,,冬时,Снегyрочка,,スネグーラチカ,,鹰角其他语言待补或未出现；悠星英文待补或未出现,https://prts.wiki/w/泰拉词库
角色／干员代号,,折桠,Веточки,,ヴェトチキ,,鹰角其他语言待补或未出现；悠星英文待补或未出现,https://prts.wiki/w/泰拉词库
角色／干员代号,,真言,Mantra,,マントラ,,鹰角其他语言待补或未出现；悠星英文待补或未出现,https://prts.wiki/w/泰拉词库
角色／干员代号,,协律,Akkord,,アコルト,,鹰角其他语言待补或未出现；悠星英文待补或未出现,https://prts.wiki/w/泰拉词库
角色／干员代号,,哈蒂娅,Hadiya,,ハディヤ,,鹰角其他语言待补或未出现；悠星英文待补或未出现,https://prts.wiki/w/泰拉词库
角色／干员代号,,雪猎,Snow Hunter,,スノーハンター,,鹰角其他语言待补或未出现；悠星英文待补或未出现,https://prts.wiki/w/泰拉词库
角色／干员代号,,溯光星源,Astgenne the Lightchaser,,溯光アステジーニ,,鹰角其他语言待补或未出现；悠星英文待补或未出现,https://prts.wiki/w/泰拉词库
角色／干员代号,,圣聆初雪,Pramanix the Prerita,,聖聆プラマニクス,,鹰角其他语言待补或未出现；悠星英文待补或未出现,https://prts.wiki/w/泰拉词库
角色／干员代号,,凛御银灰,SilverAsh the Reignfrost,,凛御シルバーアッシュ,,鹰角其他语言待补或未出现；悠星英文待补或未出现,https://prts.wiki/w/泰拉词库
角色／干员代号,,天空盒,Skybox,,スカイボックス,,鹰角其他语言待补或未出现；悠星英文待补或未出现,https://prts.wiki/w/泰拉词库
角色／干员代号,,响石,Cairn,,ケルン,,鹰角其他语言待补或未出现；悠星英文待补或未出现,https://prts.wiki/w/泰拉词库
角色／干员代号,,娜斯提,Nasti,,ナスティ,,鹰角其他语言待补或未出现；悠星英文待补或未出现,https://prts.wiki/w/泰拉词库
角色／干员代号,,摆渡人,Varkáris,,,,鹰角其他语言待补或未出现；悠星日文待补或未出现；悠星英文待补或未出现,https://prts.wiki/w/泰拉词库
角色／干员代号,,撷英调香师,Perfumer the Distilled,,,,鹰角其他语言待补或未出现；悠星日文待补或未出现；悠星英文待补或未出现,https://prts.wiki/w/泰拉词库
角色／干员代号,,缇缇,Titi,,,,鹰角其他语言待补或未出现；悠星日文待补或未出现；悠星英文待补或未出现,https://prts.wiki/w/泰拉词库
角色／干员代号,,矩,Ju,,,,鹰角其他语言待补或未出现；悠星日文待补或未出现；悠星英文待补或未出现,https://prts.wiki/w/泰拉词库
角色／干员代号,,风絮,Taraxacum,,,,鹰角其他语言待补或未出现；悠星日文待补或未出现；悠星英文待补或未出现,https://prts.wiki/w/泰拉词库
角色／干员代号,,赤刃明霄陈,Ch'en the Dawnstreak,,,,鹰角其他语言待补或未出现；悠星日文待补或未出现；悠星英文待补或未出现,https://prts.wiki/w/泰拉词库
角色／干员代号,,望,Wang,,,,鹰角其他语言待补或未出现；悠星日文待补或未出现；悠星英文待补或未出现,https://prts.wiki/w/泰拉词库
角色／干员代号,,复奏,Ripresa,,,,鹰角其他语言待补或未出现；悠星日文待补或未出现；悠星英文待补或未出现,https://prts.wiki/w/泰拉词库
角色／干员代号,,贝洛内,Bellone,,,,鹰角其他语言待补或未出现；悠星日文待补或未出现；悠星英文待补或未出现,https://prts.wiki/w/泰拉词库
角色／干员代号,,伯塔尼,Ботани,,,,鹰角其他语言待补或未出现；悠星日文待补或未出现；悠星英文待补或未出现,https://prts.wiki/w/泰拉词库
角色／干员代号,,乌啾,Укусик,,,,鹰角其他语言待补或未出现；悠星日文待补或未出现；悠星英文待补或未出现,https://prts.wiki/w/泰拉词库
角色／干员代号,,怒潮凛冬,Zima the Raging Tide,,,,鹰角其他语言待补或未出现；悠星日文待补或未出现；悠星英文待补或未出现,https://prts.wiki/w/泰拉词库
角色／干员代号,,裂响,Crackborne,,,,鹰角其他语言待补或未出现；悠星日文待补或未出现；悠星英文待补或未出现,https://prts.wiki/w/泰拉词库
角色／干员代号,,维伊,Вий,,,,鹰角其他语言待补或未出现；悠星日文待补或未出现；悠星英文待补或未出现,https://prts.wiki/w/泰拉词库
角色／干员代号,,可露希尔,Closure,,,,鹰角其他语言待补或未出现；悠星日文待补或未出现；悠星英文待补或未出现,https://prts.wiki/w/泰拉词库
角色／干员代号,,凯尔希·思衡托,Kal'tsit·Esperanta,,,,鹰角其他语言待补或未出现；悠星日文待补或未出现；悠星英文待补或未出现,https://prts.wiki/w/泰拉词库
角色／干员代号,,雷狼龙S空爆,Zinogre S Catapult,,,,鹰角其他语言待补或未出现；悠星日文待补或未出现；悠星英文待补或未出现,https://prts.wiki/w/泰拉词库
角色／干员代号,,焰狐龙梓兰,Violet Mizutsune Orchid,,,,鹰角其他语言待补或未出现；悠星日文待补或未出现；悠星英文待补或未出现,https://prts.wiki/w/泰拉词库
角色／干员代号,,佩德洛,Pedro,,,,鹰角其他语言待补或未出现；悠星日文待补或未出现；悠星英文待补或未出现,https://prts.wiki/w/泰拉词库
角色／干员代号,,谬因,Aphrissa,,,,鹰角其他语言待补或未出现；悠星日文待补或未出现；悠星英文待补或未出现,https://prts.wiki/w/泰拉词库
角色／干员代号,,机械师,Mechanist,,,,鹰角其他语言待补或未出现；悠星日文待补或未出现；悠星英文待补或未出现,https://prts.wiki/w/泰拉词库
角色／干员代号,,时隙,Timeslot,,,,鹰角其他语言待补或未出现；悠星日文待补或未出现；悠星英文待补或未出现,https://prts.wiki/w/泰拉词库
角色／干员代号,,嘉辛塔,Jacinta,,,,鹰角其他语言待补或未出现；悠星日文待补或未出现；悠星英文待补或未出现,https://prts.wiki/w/泰拉词库
角色／干员代号,,珊比,Thumpy,,,,鹰角其他语言待补或未出现；悠星日文待补或未出现；悠星英文待补或未出现,https://prts.wiki/w/泰拉词库
角色／干员代号,,予愿安洁莉娜,Angelina the Mellow Wish,,,,鹰角其他语言待补或未出现；悠星日文待补或未出现；悠星英文待补或未出现,https://prts.wiki/w/泰拉词库
