分区,组织,中文,日本語,English,空缺说明,来源
角色／其他角色,罗德岛,博士,Doctor/Dr.,ドクター,,该分表未区分鹰角与悠星列；按页面原列名保存
角色／其他角色,罗德岛,可露希尔,Closure,クロージャ,,该分表未区分鹰角与悠星列；按页面原列名保存
角色／其他角色,罗德岛,PRTS 原生罗德岛终端服务,PRTS/P.R.T.S/ Primitive Rhodes Island Terminal Service,-,日文不适用,该分表未区分鹰角与悠星列；按页面原列名保存
角色／其他角色,罗德岛,Ace 王牌,Ace,-,日文不适用,该分表未区分鹰角与悠星列；按页面原列名保存
角色／其他角色,罗德岛,Scout 斥候,Scout,-,日文不适用,该分表未区分鹰角与悠星列；按页面原列名保存
角色／其他角色,罗德岛,西蒙娜,Simone,シモーネ,,该分表未区分鹰角与悠星列；按页面原列名保存
角色／其他角色,罗德岛,Sharp 锋刃,Sharp,シャープ,,该分表未区分鹰角与悠星列；按页面原列名保存
角色／其他角色,罗德岛,Stormeye 风暴眼,Stormeye,ストームアイ,,该分表未区分鹰角与悠星列；按页面原列名保存
角色／其他角色,罗德岛,Pith 术髓,Pith,ピス,,该分表未区分鹰角与悠星列；按页面原列名保存
角色／其他角色,罗德岛,Touch 触痕,Touch,タッチ,,该分表未区分鹰角与悠星列；按页面原列名保存
角色／其他角色,罗德岛,郁金香,Tulip,チューリップ,,该分表未区分鹰角与悠星列；按页面原列名保存
角色／其他角色,整合运动,塔露拉,Talulah,タルラ,,该分表未区分鹰角与悠星列；按页面原列名保存
角色／其他角色,整合运动,弑君者,Crownslayer,クラウンスレイヤー,,该分表未区分鹰角与悠星列；按页面原列名保存
角色／其他角色,整合运动,浮士德,Faust,ファウスト,,该分表未区分鹰角与悠星列；按页面原列名保存
角色／其他角色,整合运动,梅菲斯特,Mephisto,メフィスト,,该分表未区分鹰角与悠星列；按页面原列名保存
角色／其他角色,整合运动,霜星,Frostnova,フロストノヴァ,,该分表未区分鹰角与悠星列；按页面原列名保存
角色／其他角色,整合运动,爱国者,Patriot,パトリオット,,该分表未区分鹰角与悠星列；按页面原列名保存
角色／其他角色,整合运动,碎骨,Skullshatterer,スカルシュレッダー,,该分表未区分鹰角与悠星列；按页面原列名保存
角色／其他角色,巴别塔,特蕾西娅,Theresia,テレジア,,该分表未区分鹰角与悠星列；按页面原列名保存
角色／其他角色,莱茵生命,阿伦茨·帕尔维斯,Ahrens Parvis,-,日文不适用,该分表未区分鹰角与悠星列；按页面原列名保存
角色／其他角色,莱茵生命,斐尔迪南·克鲁尼,Ferdinand Clooney,-,日文不适用,该分表未区分鹰角与悠星列；按页面原列名保存
角色／其他角色,莱茵生命,克丽斯腾·莱特,Kristen Wright,-,日文不适用,该分表未区分鹰角与悠星列；按页面原列名保存
角色／其他角色,莱茵生命,小贾斯汀·菲茨罗伊,Justin Fitzroy Jr.,-,日文不适用,该分表未区分鹰角与悠星列；按页面原列名保存
角色／其他角色,莱茵生命,娜斯提·鲁诺瑞伊,Nasti Lunorey,-,日文不适用,该分表未区分鹰角与悠星列；按页面原列名保存
角色／其他角色,莱茵生命,雅拉·B·威尔森,Jara B. Wilson,-,日文不适用,该分表未区分鹰角与悠星列；按页面原列名保存
角色／其他角色,莱茵生命,安德涅特·马里亚姆,Andenate Maryam,-,日文不适用,该分表未区分鹰角与悠星列；按页面原列名保存
角色／其他角色,黑钢国际,珍妮特·朗费罗,Janet Longfellow,-,日文不适用,该分表未区分鹰角与悠星列；按页面原列名保存
角色／其他角色,汐斯塔,克洛宁,Cronin,クローニン,,该分表未区分鹰角与悠星列；按页面原列名保存
角色／其他角色,汐斯塔,赫尔曼·道尔科斯,Herman Dolcos,ヘルマン,,该分表未区分鹰角与悠星列；按页面原列名保存
角色／其他角色,汐斯塔,芭芭拉·道尔科斯,,,日文待补或未出现；英文待补或未出现,该分表未区分鹰角与悠星列；按页面原列名保存
角色／其他角色,汐斯塔,恶魔破坏龙,Destructive Dragon Demon/D.D.D.,デストラクティブ・ドラゴン・デーモン（悪魔破壊竜）,,该分表未区分鹰角与悠星列；按页面原列名保存
角色／其他角色,汐斯塔,Alty,Alty,-,日文不适用,该分表未区分鹰角与悠星列；按页面原列名保存
角色／其他角色,龙门,魏彦吾,Wei Yenwu,ウェイ,,该分表未区分鹰角与悠星列；按页面原列名保存
角色／其他角色,龙门,文月,Fumizuki,フミヅキ,,该分表未区分鹰角与悠星列；按页面原列名保存
角色／其他角色,龙门,米莎,Misha,ミーシャ,,该分表未区分鹰角与悠星列；按页面原列名保存
角色／其他角色,龙门,阿发,Ah Faat,ファー,,该分表未区分鹰角与悠星列；按页面原列名保存
角色／其他角色,龙门,卡彭,Capone,カポネ,,该分表未区分鹰角与悠星列；按页面原列名保存
角色／其他角色,龙门,甘比诺,Gambino,ガンビーノ,,该分表未区分鹰角与悠星列；按页面原列名保存
角色／其他角色,龙门,董阿伯,Uncle Tung,董のおじさん,,该分表未区分鹰角与悠星列；按页面原列名保存
角色／其他角色,龙门,伊斯,Yith,イース,,该分表未区分鹰角与悠星列；按页面原列名保存
角色／其他角色,龙门,鼠王,Rat King,鼠王,,该分表未区分鹰角与悠星列；按页面原列名保存
角色／其他角色,龙门,欧厄尔·彼得斯,Eurill Pides,オエル・ピーターズ,,该分表未区分鹰角与悠星列；按页面原列名保存
角色／其他角色,龙门,大帝,Emperor,エンペラー,,该分表未区分鹰角与悠星列；按页面原列名保存
角色／其他角色,卡西米尔,可萝尔,Carol,キャロル,,该分表未区分鹰角与悠星列；按页面原列名保存
角色／其他角色,卡西米尔,黑骑士,Black Knight,-,日文不适用,该分表未区分鹰角与悠星列；按页面原列名保存
角色／其他角色,卡西米尔,凋零骑士,Desecrated Knight,-,日文不适用,该分表未区分鹰角与悠星列；按页面原列名保存
角色／其他角色,卡西米尔,腐败骑士,Defiled Knight,-,日文不适用,该分表未区分鹰角与悠星列；按页面原列名保存
角色／其他角色,卡西米尔,血骑士,Blood Knight,-,日文不适用,该分表未区分鹰角与悠星列；按页面原列名保存
角色／其他角色,卡西米尔,瑟奇亚克,Szewczyk,-,日文不适用,该分表未区分鹰角与悠星列；按页面原列名保存
角色／其他角色,卡西米尔,托兰,Toland,-,日文不适用,该分表未区分鹰角与悠星列；按页面原列名保存
角色／其他角色,卡西米尔,切斯柏,Czcibor,-,日文不适用,该分表未区分鹰角与悠星列；按页面原列名保存
角色／其他角色,叙拉古,迪伦马特,Dürrenmatt,デュレンマット,,该分表未区分鹰角与悠星列；按页面原列名保存
角色／其他角色,叙拉古,阿格尼尔,Agenir,-,日文不适用,该分表未区分鹰角与悠星列；按页面原列名保存
角色／其他角色,叙拉古,乔万娜·罗塞蒂,Giovanna Rossati,-,日文不适用,该分表未区分鹰角与悠星列；按页面原列名保存
角色／其他角色,叙拉古,德米特里·切塔尔多,Demetri Certaldo,-,日文不适用,该分表未区分鹰角与悠星列；按页面原列名保存
角色／其他角色,叙拉古,丹布朗·莱奥帕尔迪,Danbrown Leopardi,-,日文不适用,该分表未区分鹰角与悠星列；按页面原列名保存
角色／其他角色,叙拉古,文,Ben,-,日文不适用,该分表未区分鹰角与悠星列；按页面原列名保存
角色／其他角色,维多利亚,蔓德拉,Mandragora,-,日文不适用,该分表未区分鹰角与悠星列；按页面原列名保存
角色／其他角色,维多利亚,莉薇娅·吉尔达斯,Livia Gildas,-,日文不适用,该分表未区分鹰角与悠星列；按页面原列名保存
角色／其他角色,维多利亚,理查·西摩,Richard Seymour,-,日文不适用,该分表未区分鹰角与悠星列；按页面原列名保存
角色／其他角色,维多利亚,露西娅·斯卡曼德罗斯,Lucia Skamandros,-,日文不适用,该分表未区分鹰角与悠星列；按页面原列名保存
角色／其他角色,维多利亚,雷顿·孟塔古,Rayton Montague,-,日文不适用,该分表未区分鹰角与悠星列；按页面原列名保存
角色／其他角色,维多利亚,杰弗里·梅斯,Jeffrey Metz,-,日文不适用,该分表未区分鹰角与悠星列；按页面原列名保存
角色／其他角色,维多利亚,温德米尔公爵,Duke of Windermere,-,日文不适用,该分表未区分鹰角与悠星列；按页面原列名保存
角色／其他角色,维多利亚,威灵顿公爵,Duke of Wellington,-,日文不适用,该分表未区分鹰角与悠星列；按页面原列名保存
角色／其他角色,维多利亚,弗雷德里克三世,Frederick Ⅲ,-,日文不适用,该分表未区分鹰角与悠星列；按页面原列名保存
角色／其他角色,哥伦比亚,杰斯顿,Jesselton Miller,-,日文不适用,该分表未区分鹰角与悠星列；按页面原列名保存
角色／其他角色,哥伦比亚,马克·麦克斯,Mk-MAX,-,日文不适用,该分表未区分鹰角与悠星列；按页面原列名保存
角色／其他角色,高卢,科西嘉一世,Corsica Ⅰ,-,日文不适用,该分表未区分鹰角与悠星列；按页面原列名保存
角色／其他角色,高卢,德·黎博利,Emmanuel de Liberi,-,日文不适用,该分表未区分鹰角与悠星列；按页面原列名保存
角色／其他角色,卡兹戴尔,特雷西斯,Theresis,-,日文不适用,该分表未区分鹰角与悠星列；按页面原列名保存
角色／其他角色,卡兹戴尔,曼弗雷德,Manfred,-,日文不适用,该分表未区分鹰角与悠星列；按页面原列名保存
角色／其他角色,拉特兰,塞茜莉亚,Cecilia,-,日文不适用,该分表未区分鹰角与悠星列；按页面原列名保存
角色／其他角色,拉特兰,安多恩,Androne,-,日文不适用,该分表未区分鹰角与悠星列；按页面原列名保存
角色／其他角色,拉特兰,蕾缪安,Lemuen,-,日文不适用,该分表未区分鹰角与悠星列；按页面原列名保存
角色／其他角色,拉特兰,克莱芒·杜波瓦,Clément Dubois,-,日文不适用,该分表未区分鹰角与悠星列；按页面原列名保存
角色／其他角色,拉特兰,斯特凡诺·托雷格罗萨,Stefano Torregrossa,-,日文不适用,该分表未区分鹰角与悠星列；按页面原列名保存
角色／其他角色,拉特兰,伊万杰利斯塔十一世,Yvangelista PP.Ⅺ,-,日文不适用,该分表未区分鹰角与悠星列；按页面原列名保存
角色／其他角色,玻利瓦尔,坎黛拉,Candela,-,日文不适用,该分表未区分鹰角与悠星列；按页面原列名保存
角色／其他角色,玻利瓦尔,潘乔,Pancho,-,日文不适用,该分表未区分鹰角与悠星列；按页面原列名保存
角色／其他角色,莱塔尼亚,赫尔昏佐伦/巫王,Herkunftshorn,-,日文不适用,该分表未区分鹰角与悠星列；按页面原列名保存
角色／其他角色,莱塔尼亚,利奥波德大公,Erzherzog von Leopold,-,日文不适用,该分表未区分鹰角与悠星列；按页面原列名保存
角色／其他角色,莱塔尼亚,塞弗林·霍索恩,Severin Hawthorn,-,日文不适用,该分表未区分鹰角与悠星列；按页面原列名保存
角色／其他角色,莱塔尼亚,塔佳娜,Tatjana,-,日文不适用,该分表未区分鹰角与悠星列；按页面原列名保存
角色／其他角色,莱塔尼亚,托尔瓦尔德·霍索恩,Thorwald Hawthorn,-,日文不适用,该分表未区分鹰角与悠星列；按页面原列名保存
角色／其他角色,莱塔尼亚,毕德曼,Biederman,-,日文不适用,该分表未区分鹰角与悠星列；按页面原列名保存
角色／其他角色,莱塔尼亚,埃克哈德,Eckehard,-,日文不适用,该分表未区分鹰角与悠星列；按页面原列名保存
角色／其他角色,莱塔尼亚,凯文,Kevin,-,日文不适用,该分表未区分鹰角与悠星列；按页面原列名保存
